Picked up JAVA_TOOL_OPTIONS: -XX:ActiveProcessorCount=2 -XX:MaxRAMPercentage=70
Starting filesystem walk for root: /
Scanned /work/app/target/resolved-osv.json file and found 90 packages
End status: 0 dirs visited, 1 inodes visited, 1 Extract calls, 220.918µs elapsed, 221.002µs wall time
{
  "results": [
    {
      "source": {
        "path": "/work/app/target/resolved-osv.json",
        "type": "lockfile"
      },
      "packages": [
        {
          "package": {
            "name": "org.bouncycastle:bcpkix-jdk18on",
            "version": "1.78.1",
            "ecosystem": "Maven"
          },
          "groups": [
            {
              "ids": [
                "GHSA-4cx2-fc23-5wg6"
              ],
              "aliases": [
                "CVE-2025-8916",
                "GHSA-4cx2-fc23-5wg6"
              ],
              "max_severity": "6.3"
            },
            {
              "ids": [
                "GHSA-wg6q-6289-32hp"
              ],
              "aliases": [
                "CVE-2026-5588",
                "GHSA-wg6q-6289-32hp"
              ],
              "max_severity": "6.3"
            }
          ],
          "vulnerabilities": [
            {
              "affected": [
                {
                  "database_specific": {
                    "source": "https://github.com/github/advisory-database/blob/main/advisories/github-reviewed/2025/08/GHSA-4cx2-fc23-5wg6/GHSA-4cx2-fc23-5wg6.json"
                  },
                  "package": {
                    "ecosystem": "Maven",
                    "name": "org.bouncycastle:bcpkix-jdk15on",
                    "purl": "pkg:maven/org.bouncycastle/bcpkix-jdk15on"
                  },
                  "ranges": [
                    {
                      "events": [
                        {
                          "introduced": "1.44"
                        },
                        {
                          "fixed": "1.79"
                        }
                      ],
                      "type": "ECOSYSTEM"
                    }
                  ],
                  "versions": [
                    "1.47",
                    "1.48",
                    "1.49",
                    "1.50",
                    "1.51",
                    "1.52",
                    "1.53",
                    "1.54",
                    "1.55",
                    "1.56",
                    "1.57",
                    "1.58",
                    "1.59",
                    "1.60",
                    "1.61",
                    "1.62",
                    "1.63",
                    "1.64",
                    "1.65",
                    "1.66",
                    "1.67",
                    "1.68",
                    "1.69",
                    "1.70"
                  ]
                },
                {
                  "database_specific": {
                    "source": "https://github.com/github/advisory-database/blob/main/advisories/github-reviewed/2025/08/GHSA-4cx2-fc23-5wg6/GHSA-4cx2-fc23-5wg6.json"
                  },
                  "package": {
                    "ecosystem": "Maven",
                    "name": "org.bouncycastle:bcpkix-jdk15to18",
                    "purl": "pkg:maven/org.bouncycastle/bcpkix-jdk15to18"
                  },
                  "ranges": [
                    {
                      "events": [
                        {
                          "introduced": "1.44"
                        },
                        {
                          "fixed": "1.79"
                        }
                      ],
                      "type": "ECOSYSTEM"
                    }
                  ],
                  "versions": [
                    "1.63",
                    "1.64",
                    "1.65",
                    "1.66",
                    "1.67",
                    "1.68",
                    "1.69",
                    "1.70",
                    "1.71",
                    "1.72",
                    "1.73",
                    "1.74",
                    "1.75",
                    "1.76",
                    "1.77",
                    "1.78",
                    "1.78.1"
                  ]
                },
                {
                  "database_specific": {
                    "source": "https://github.com/github/advisory-database/blob/main/advisories/github-reviewed/2025/08/GHSA-4cx2-fc23-5wg6/GHSA-4cx2-fc23-5wg6.json"
                  },
                  "package": {
                    "ecosystem": "Maven",
                    "name": "org.bouncycastle:bcpkix-jdk18on",
                    "purl": "pkg:maven/org.bouncycastle/bcpkix-jdk18on"
                  },
                  "ranges": [
                    {
                      "events": [
                        {
                          "introduced": "1.44"
                        },
                        {
                          "fixed": "1.79"
                        }
                      ],
                      "type": "ECOSYSTEM"
                    }
                  ],
                  "versions": [
                    "1.71",
                    "1.71.1",
                    "1.72",
                    "1.73",
                    "1.74",
                    "1.75",
                    "1.76",
                    "1.77",
                    "1.78",
                    "1.78.1"
                  ]
                },
                {
                  "database_specific": {
                    "last_known_affected_version_range": "\u003c= 1.0.7",
                    "source": "https://github.com/github/advisory-database/blob/main/advisories/github-reviewed/2025/08/GHSA-4cx2-fc23-5wg6/GHSA-4cx2-fc23-5wg6.json"
                  },
                  "package": {
                    "ecosystem": "Maven",
                    "name": "org.bouncycastle:bcpkix-fips",
                    "purl": "pkg:maven/org.bouncycastle/bcpkix-fips"
                  },
                  "ranges": [
                    {
                      "events": [
                        {
                          "introduced": "1.0.0"
                        },
                        {
                          "fixed": "1.0.8"
                        }
                      ],
                      "type": "ECOSYSTEM"
                    }
                  ],
                  "versions": [
                    "1.0.0",
                    "1.0.1",
                    "1.0.2",
                    "1.0.3",
                    "1.0.4",
                    "1.0.5",
                    "1.0.6",
                    "1.0.7"
                  ]
                },
                {
                  "database_specific": {
                    "last_known_affected_version_range": "\u003c= 2.0.7",
                    "source": "https://github.com/github/advisory-database/blob/main/advisories/github-reviewed/2025/08/GHSA-4cx2-fc23-5wg6/GHSA-4cx2-fc23-5wg6.json"
                  },
                  "package": {
                    "ecosystem": "Maven",
                    "name": "org.bouncycastle:bcpkix-fips",
                    "purl": "pkg:maven/org.bouncycastle/bcpkix-fips"
                  },
                  "ranges": [
                    {
                      "events": [
                        {
                          "introduced": "2.0.0"
                        },
                        {
                          "fixed": "2.0.8"
                        }
                      ],
                      "type": "ECOSYSTEM"
                    }
                  ],
                  "versions": [
                    "2.0.7"
                  ]
                }
              ],
              "aliases": [
                "CVE-2025-8916"
              ],
              "database_specific": {
                "cwe_ids": [
                  "CWE-770"
                ],
                "github_reviewed": true,
                "github_reviewed_at": "2025-08-13T22:52:42Z",
                "nvd_published_at": "2025-08-13T10:15:27Z",
                "severity": "MODERATE"
              },
              "details": "Allocation of Resources Without Limits or Throttling vulnerability in Legion of the Bouncy Castle Inc. Bouncy Castle for Java bcpkix, bcprov, bcpkix-fips on All (API modules) allows Excessive Allocation. This vulnerability is associated with program files  https://github.Com/bcgit/bc-java/blob/main/pkix/src/main/java/org/bouncycastle/pkix/jcajce/PKIXCertP... https://github.Com/bcgit/bc-java/blob/main/pkix/src/main/java/org/bouncycastle/pkix/jcajce/PKIXCertPathReviewer.java ,  https://github.Com/bcgit/bc-java/blob/main/prov/src/main/java/org/bouncycastle/x509/PKIXCertPathRevi... https://github.Com/bcgit/bc-java/blob/main/prov/src/main/java/org/bouncycastle/x509/PKIXCertPathReviewer.java .\n\nThis issue affects Bouncy Castle for Java: from BC 1.44 through 1.78, from BCPKIX FIPS 1.0.0 through 1.0.7, from BCPKIX FIPS 2.0.0 through 2.0.7.",
              "id": "GHSA-4cx2-fc23-5wg6",
              "modified": "2026-09-10T03:50:26.717417411Z",
              "published": "2025-08-13T12:31:30Z",
              "references": [
                {
                  "type": "ADVISORY",
                  "url": "https://nvd.nist.gov/vuln/detail/CVE-2025-8916"
                },
                {
                  "type": "WEB",
                  "url": "https://github.com/bcgit/bc-java/commit/310b30a4fbf36d13f6cc201ffa7771715641e67e"
                },
                {
                  "type": "WEB",
                  "url": "https://github.com/bcgit/bc-java/commit/ff444a479942d88de64004dc82c3ee32a9e9075a"
                },
                {
                  "type": "WEB",
                  "url": "https://cert-portal.siemens.com/productcert/html/ssa-032379.html"
                },
                {
                  "type": "PACKAGE",
                  "url": "https://github.com/bcgit/bc-java"
                },
                {
                  "type": "WEB",
                  "url": "https://github.com/bcgit/bc-java/wiki/CVE%E2%80%902025%E2%80%908916"
                }
              ],
              "schema_version": "1.9.0",
              "severity": [
                {
                  "score": "CVSS:4.0/AV:N/AC:L/AT:P/PR:N/UI:N/VC:N/VI:N/VA:L/SC:N/SI:N/SA:N/S:P/R:U/RE:M/U:Amber",
                  "type": "CVSS_V4"
                }
              ],
              "summary": "Bouncy Castle for Java bcpkix, bcprov, bcpkix-fips on All (API modules) allows Excessive Allocation"
            },
            {
              "affected": [
                {
                  "database_specific": {
                    "source": "https://github.com/github/advisory-database/blob/main/advisories/github-reviewed/2026/04/GHSA-wg6q-6289-32hp/GHSA-wg6q-6289-32hp.json"
                  },
                  "package": {
                    "ecosystem": "Maven",
                    "name": "org.bouncycastle:bcpkix-jdk18on",
                    "purl": "pkg:maven/org.bouncycastle/bcpkix-jdk18on"
                  },
                  "ranges": [
                    {
                      "events": [
                        {
                          "introduced": "1.49"
                        },
                        {
                          "fixed": "1.84"
                        }
                      ],
                      "type": "ECOSYSTEM"
                    }
                  ],
                  "versions": [
                    "1.71",
                    "1.71.1",
                    "1.72",
                    "1.73",
                    "1.74",
                    "1.75",
                    "1.76",
                    "1.77",
                    "1.78",
                    "1.78.1",
                    "1.79",
                    "1.80",
                    "1.80.2",
                    "1.81",
                    "1.81.1",
                    "1.82",
                    "1.83"
                  ]
                },
                {
                  "database_specific": {
                    "source": "https://github.com/github/advisory-database/blob/main/advisories/github-reviewed/2026/04/GHSA-wg6q-6289-32hp/GHSA-wg6q-6289-32hp.json"
                  },
                  "package": {
                    "ecosystem": "Maven",
                    "name": "org.bouncycastle:bcpkix-jdk15to18",
                    "purl": "pkg:maven/org.bouncycastle/bcpkix-jdk15to18"
                  },
                  "ranges": [
                    {
                      "events": [
                        {
                          "introduced": "1.49"
                        },
                        {
                          "fixed": "1.84"
                        }
                      ],
                      "type": "ECOSYSTEM"
                    }
                  ],
                  "versions": [
                    "1.63",
                    "1.64",
                    "1.65",
                    "1.66",
                    "1.67",
                    "1.68",
                    "1.69",
                    "1.70",
                    "1.71",
                    "1.72",
                    "1.73",
                    "1.74",
                    "1.75",
                    "1.76",
                    "1.77",
                    "1.78",
                    "1.78.1",
                    "1.79",
                    "1.80",
                    "1.81",
                    "1.82",
                    "1.83"
                  ]
                },
                {
                  "database_specific": {
                    "source": "https://github.com/github/advisory-database/blob/main/advisories/github-reviewed/2026/04/GHSA-wg6q-6289-32hp/GHSA-wg6q-6289-32hp.json"
                  },
                  "package": {
                    "ecosystem": "Maven",
                    "name": "org.bouncycastle:bcpkix-jdk15on",
                    "purl": "pkg:maven/org.bouncycastle/bcpkix-jdk15on"
                  },
                  "ranges": [
                    {
                      "events": [
                        {
                          "introduced": "1.49"
                        },
                        {
                          "fixed": "1.84"
                        }
                      ],
                      "type": "ECOSYSTEM"
                    }
                  ],
                  "versions": [
                    "1.49",
                    "1.50",
                    "1.51",
                    "1.52",
                    "1.53",
                    "1.54",
                    "1.55",
                    "1.56",
                    "1.57",
                    "1.58",
                    "1.59",
                    "1.60",
                    "1.61",
                    "1.62",
                    "1.63",
                    "1.64",
                    "1.65",
                    "1.66",
                    "1.67",
                    "1.68",
                    "1.69",
                    "1.70"
                  ]
                },
                {
                  "database_specific": {
                    "source": "https://github.com/github/advisory-database/blob/main/advisories/github-reviewed/2026/04/GHSA-wg6q-6289-32hp/GHSA-wg6q-6289-32hp.json"
                  },
                  "package": {
                    "ecosystem": "Maven",
                    "name": "org.bouncycastle:bcpkix-jdk14",
                    "purl": "pkg:maven/org.bouncycastle/bcpkix-jdk14"
                  },
                  "ranges": [
                    {
                      "events": [
                        {
                          "introduced": "1.49"
                        },
                        {
                          "fixed": "1.84"
                        }
                      ],
                      "type": "ECOSYSTEM"
                    }
                  ],
                  "versions": [
                    "1.49",
                    "1.50",
                    "1.51",
                    "1.53",
                    "1.54",
                    "1.55",
                    "1.56",
                    "1.57",
                    "1.58",
                    "1.59",
                    "1.60",
                    "1.61",
                    "1.62",
                    "1.63",
                    "1.64",
                    "1.65",
                    "1.67",
                    "1.68",
                    "1.69",
                    "1.70",
                    "1.71",
                    "1.72",
                    "1.73",
                    "1.74",
                    "1.75",
                    "1.76",
                    "1.77",
                    "1.78",
                    "1.78.1",
                    "1.79",
                    "1.80",
                    "1.81",
                    "1.82",
                    "1.83"
                  ]
                },
                {
                  "database_specific": {
                    "source": "https://github.com/github/advisory-database/blob/main/advisories/github-reviewed/2026/04/GHSA-wg6q-6289-32hp/GHSA-wg6q-6289-32hp.json"
                  },
                  "package": {
                    "ecosystem": "Maven",
                    "name": "org.bouncycastle:bcpkix-debug-jdk18on",
                    "purl": "pkg:maven/org.bouncycastle/bcpkix-debug-jdk18on"
                  },
                  "ranges": [
                    {
                      "events": [
                        {
                          "introduced": "1.49"
                        },
                        {
                          "fixed": "1.84"
                        }
                      ],
                      "type": "ECOSYSTEM"
                    }
                  ],
                  "versions": [
                    "1.73",
                    "1.74",
                    "1.75",
                    "1.76",
                    "1.77",
                    "1.78",
                    "1.78.1",
                    "1.79",
                    "1.81",
                    "1.82",
                    "1.83"
                  ]
                },
                {
                  "database_specific": {
                    "source": "https://github.com/github/advisory-database/blob/main/advisories/github-reviewed/2026/04/GHSA-wg6q-6289-32hp/GHSA-wg6q-6289-32hp.json"
                  },
                  "package": {
                    "ecosystem": "Maven",
                    "name": "org.bouncycastle:bcpkix-debug-jdk15to18",
                    "purl": "pkg:maven/org.bouncycastle/bcpkix-debug-jdk15to18"
                  },
                  "ranges": [
                    {
                      "events": [
                        {
                          "introduced": "1.49"
                        },
                        {
                          "fixed": "1.84"
                        }
                      ],
                      "type": "ECOSYSTEM"
                    }
                  ],
                  "versions": [
                    "1.73",
                    "1.74",
                    "1.75",
                    "1.76",
                    "1.77",
                    "1.78",
                    "1.78.1",
                    "1.79",
                    "1.80",
                    "1.81",
                    "1.82",
                    "1.83"
                  ]
                },
                {
                  "database_specific": {
                    "source": "https://github.com/github/advisory-database/blob/main/advisories/github-reviewed/2026/04/GHSA-wg6q-6289-32hp/GHSA-wg6q-6289-32hp.json"
                  },
                  "package": {
                    "ecosystem": "Maven",
                    "name": "org.bouncycastle:bcpkix-debug-jdk14",
                    "purl": "pkg:maven/org.bouncycastle/bcpkix-debug-jdk14"
                  },
                  "ranges": [
                    {
                      "events": [
                        {
                          "introduced": "1.49"
                        },
                        {
                          "fixed": "1.84"
                        }
                      ],
                      "type": "ECOSYSTEM"
                    }
                  ],
                  "versions": [
                    "1.81",
                    "1.82",
                    "1.83"
                  ]
                }
              ],
              "aliases": [
                "CVE-2026-5588"
              ],
              "database_specific": {
                "cwe_ids": [
                  "CWE-327"
                ],
                "github_reviewed": true,
                "github_reviewed_at": "2026-04-16T21:32:20Z",
                "nvd_published_at": "2026-04-15T10:16:49Z",
                "severity": "MODERATE"
              },
              "details": ": Use of a Broken or Risky Cryptographic Algorithm vulnerability in Legion of the Bouncy Castle Inc. BC-JAVA bcpkix on all (pkix modules).\n\n\nPKIX draft CompositeVerifier accepts empty signature sequence as valid.\n\n\nThis issue affects BC-JAVA: from 1.49 before 1.84.",
              "id": "GHSA-wg6q-6289-32hp",
              "modified": "2026-09-10T03:50:45.075900186Z",
              "published": "2026-04-15T18:31:54Z",
              "references": [
                {
                  "type": "ADVISORY",
                  "url": "https://nvd.nist.gov/vuln/detail/CVE-2026-5588"
                },
                {
                  "type": "WEB",
                  "url": "https://github.com/bcgit/bc-java/commit/656bae0dbd9b1521f840521ff786e78749fe3057"
                },
                {
                  "type": "PACKAGE",
                  "url": "https://github.com/bcgit/bc-java"
                },
                {
                  "type": "WEB",
                  "url": "https://github.com/bcgit/bc-java/wiki/CVE%E2%80%902026%E2%80%905588"
                }
              ],
              "schema_version": "1.9.0",
              "severity": [
                {
                  "score": "CVSS:4.0/AV:N/AC:L/AT:P/PR:N/UI:N/VC:L/VI:N/VA:N/SC:N/SI:N/SA:N/U:Green",
                  "type": "CVSS_V4"
                }
              ],
              "summary": "Bouncy Castle Crypto Package For Java: Use of a Broken or Risky Cryptographic Algorithm vulnerability in bcpkix modules"
            }
          ]
        },
        {
          "package": {
            "name": "org.bouncycastle:bcprov-jdk18on",
            "version": "1.78.1",
            "ecosystem": "Maven"
          },
          "groups": [
            {
              "ids": [
                "GHSA-574f-3g2m-x479"
              ],
              "aliases": [
                "CVE-2025-14813",
                "GHSA-574f-3g2m-x479"
              ],
              "max_severity": "9.3"
            },
            {
              "ids": [
                "GHSA-9pwp-9qqc-pr26"
              ],
              "aliases": [
                "CVE-2026-8763",
                "GHSA-9pwp-9qqc-pr26"
              ],
              "max_severity": "9.3"
            },
            {
              "ids": [
                "GHSA-c3fc-8qff-9hwx"
              ],
              "aliases": [
                "CVE-2026-0636",
                "GHSA-c3fc-8qff-9hwx"
              ],
              "max_severity": "5.5"
            },
            {
              "ids": [
                "GHSA-qp49-qgx5-5m26"
              ],
              "aliases": [
                "CVE-2026-13506",
                "GHSA-qp49-qgx5-5m26"
              ],
              "max_severity": "8.7"
            }
          ],
          "vulnerabilities": [
            {
              "affected": [
                {
                  "database_specific": {
                    "source": "https://github.com/github/advisory-database/blob/main/advisories/github-reviewed/2026/04/GHSA-574f-3g2m-x479/GHSA-574f-3g2m-x479.json"
                  },
                  "package": {
                    "ecosystem": "Maven",
                    "name": "org.bouncycastle:bcprov-jdk14",
                    "purl": "pkg:maven/org.bouncycastle/bcprov-jdk14"
                  },
                  "ranges": [
                    {
                      "events": [
                        {
                          "introduced": "1.59"
                        },
                        {
                          "last_affected": "1.80.1"
                        }
                      ],
                      "type": "ECOSYSTEM"
                    }
                  ],
                  "versions": [
                    "1.59",
                    "1.60",
                    "1.61",
                    "1.62",
                    "1.63",
                    "1.64",
                    "1.65",
                    "1.67",
                    "1.68",
                    "1.69",
                    "1.70",
                    "1.71",
                    "1.72",
                    "1.73",
                    "1.74",
                    "1.75",
                    "1.76",
                    "1.77",
                    "1.78",
                    "1.78.1",
                    "1.79",
                    "1.80"
                  ]
                },
                {
                  "database_specific": {
                    "source": "https://github.com/github/advisory-database/blob/main/advisories/github-reviewed/2026/04/GHSA-574f-3g2m-x479/GHSA-574f-3g2m-x479.json"
                  },
                  "package": {
                    "ecosystem": "Maven",
                    "name": "org.bouncycastle:bcprov-jdk15to18",
                    "purl": "pkg:maven/org.bouncycastle/bcprov-jdk15to18"
                  },
                  "ranges": [
                    {
                      "events": [
                        {
                          "introduced": "1.59"
                        },
                        {
                          "last_affected": "1.80.1"
                        }
                      ],
                      "type": "ECOSYSTEM"
                    }
                  ],
                  "versions": [
                    "1.63",
                    "1.64",
                    "1.65",
                    "1.66",
                    "1.67",
                    "1.68",
                    "1.69",
                    "1.70",
                    "1.71",
                    "1.72",
                    "1.73",
                    "1.74",
                    "1.75",
                    "1.76",
                    "1.77",
                    "1.78",
                    "1.78.1",
                    "1.79",
                    "1.80"
                  ]
                },
                {
                  "database_specific": {
                    "last_known_affected_version_range": "\u003c= 1.80.1",
                    "source": "https://github.com/github/advisory-database/blob/main/advisories/github-reviewed/2026/04/GHSA-574f-3g2m-x479/GHSA-574f-3g2m-x479.json"
                  },
                  "package": {
                    "ecosystem": "Maven",
                    "name": "org.bouncycastle:bcprov-jdk18on",
                    "purl": "pkg:maven/org.bouncycastle/bcprov-jdk18on"
                  },
                  "ranges": [
                    {
                      "events": [
                        {
                          "introduced": "1.59"
                        },
                        {
                          "fixed": "1.80.2"
                        }
                      ],
                      "type": "ECOSYSTEM"
                    }
                  ],
                  "versions": [
                    "1.71",
                    "1.71.1",
                    "1.72",
                    "1.73",
                    "1.74",
                    "1.75",
                    "1.76",
                    "1.77",
                    "1.78",
                    "1.78.1",
                    "1.79",
                    "1.80"
                  ]
                },
                {
                  "database_specific": {
                    "source": "https://github.com/github/advisory-database/blob/main/advisories/github-reviewed/2026/04/GHSA-574f-3g2m-x479/GHSA-574f-3g2m-x479.json"
                  },
                  "package": {
                    "ecosystem": "Maven",
                    "name": "org.bouncycastle:bcprov-debug-jdk14",
                    "purl": "pkg:maven/org.bouncycastle/bcprov-debug-jdk14"
                  },
                  "ranges": [
                    {
                      "events": [
                        {
                          "introduced": "1.59"
                        },
                        {
                          "last_affected": "1.80.1"
                        }
                      ],
                      "type": "ECOSYSTEM"
                    }
                  ],
                  "versions": [
                    "1.59",
                    "1.60",
                    "1.64",
                    "1.68",
                    "1.69",
                    "1.70",
                    "1.71",
                    "1.72",
                    "1.73",
                    "1.74",
                    "1.78",
                    "1.79",
                    "1.80"
                  ]
                },
                {
                  "database_specific": {
                    "source": "https://github.com/github/advisory-database/blob/main/advisories/github-reviewed/2026/04/GHSA-574f-3g2m-x479/GHSA-574f-3g2m-x479.json"
                  },
                  "package": {
                    "ecosystem": "Maven",
                    "name": "org.bouncycastle:bcprov-debug-jdk15to18",
                    "purl": "pkg:maven/org.bouncycastle/bcprov-debug-jdk15to18"
                  },
                  "ranges": [
                    {
                      "events": [
                        {
                          "introduced": "1.59"
                        },
                        {
                          "last_affected": "1.80.1"
                        }
                      ],
                      "type": "ECOSYSTEM"
                    }
                  ],
                  "versions": [
                    "1.64",
                    "1.68",
                    "1.69",
                    "1.70",
                    "1.71",
                    "1.72",
                    "1.73",
                    "1.74",
                    "1.75",
                    "1.76",
                    "1.77",
                    "1.78",
                    "1.78.1",
                    "1.79"
                  ]
                },
                {
                  "database_specific": {
                    "source": "https://github.com/github/advisory-database/blob/main/advisories/github-reviewed/2026/04/GHSA-574f-3g2m-x479/GHSA-574f-3g2m-x479.json"
                  },
                  "package": {
                    "ecosystem": "Maven",
                    "name": "org.bouncycastle:bcprov-debug-jdk18on",
                    "purl": "pkg:maven/org.bouncycastle/bcprov-debug-jdk18on"
                  },
                  "ranges": [
                    {
                      "events": [
                        {
                          "introduced": "1.59"
                        },
                        {
                          "last_affected": "1.80.1"
                        }
                      ],
                      "type": "ECOSYSTEM"
                    }
                  ],
                  "versions": [
                    "1.71",
                    "1.72",
                    "1.73",
                    "1.74",
                    "1.75",
                    "1.76",
                    "1.77",
                    "1.78",
                    "1.78.1",
                    "1.79"
                  ]
                },
                {
                  "database_specific": {
                    "source": "https://github.com/github/advisory-database/blob/main/advisories/github-reviewed/2026/04/GHSA-574f-3g2m-x479/GHSA-574f-3g2m-x479.json"
                  },
                  "package": {
                    "ecosystem": "Maven",
                    "name": "org.bouncycastle:bcprov-ext-jdk14",
                    "purl": "pkg:maven/org.bouncycastle/bcprov-ext-jdk14"
                  },
                  "ranges": [
                    {
                      "events": [
                        {
                          "introduced": "1.59"
                        },
                        {
                          "last_affected": "1.78.1"
                        }
                      ],
                      "type": "ECOSYSTEM"
                    }
                  ],
                  "versions": [
                    "1.60",
                    "1.64",
                    "1.65",
                    "1.67",
                    "1.68",
                    "1.69",
                    "1.70",
                    "1.71",
                    "1.72",
                    "1.73",
                    "1.75",
                    "1.76",
                    "1.78",
                    "1.78.1"
                  ]
                },
                {
                  "database_specific": {
                    "source": "https://github.com/github/advisory-database/blob/main/advisories/github-reviewed/2026/04/GHSA-574f-3g2m-x479/GHSA-574f-3g2m-x479.json"
                  },
                  "package": {
                    "ecosystem": "Maven",
                    "name": "org.bouncycastle:bcprov-ext-jdk15to18",
                    "purl": "pkg:maven/org.bouncycastle/bcprov-ext-jdk15to18"
                  },
                  "ranges": [
                    {
                      "events": [
                        {
                          "introduced": "1.59"
                        },
                        {
                          "last_affected": "1.78.1"
                        }
                      ],
                      "type": "ECOSYSTEM"
                    }
                  ],
                  "versions": [
                    "1.64",
                    "1.67",
                    "1.68",
                    "1.69",
                    "1.70",
                    "1.71",
                    "1.72",
                    "1.73",
                    "1.74",
                    "1.75",
                    "1.76",
                    "1.77",
                    "1.78",
                    "1.78.1"
                  ]
                },
                {
                  "database_specific": {
                    "source": "https://github.com/github/advisory-database/blob/main/advisories/github-reviewed/2026/04/GHSA-574f-3g2m-x479/GHSA-574f-3g2m-x479.json"
                  },
                  "package": {
                    "ecosystem": "Maven",
                    "name": "org.bouncycastle:bcprov-ext-jdk18on",
                    "purl": "pkg:maven/org.bouncycastle/bcprov-ext-jdk18on"
                  },
                  "ranges": [
                    {
                      "events": [
                        {
                          "introduced": "1.59"
                        },
                        {
                          "last_affected": "1.78.1"
                        }
                      ],
                      "type": "ECOSYSTEM"
                    }
                  ],
                  "versions": [
                    "1.71",
                    "1.72",
                    "1.73",
                    "1.74",
                    "1.75",
                    "1.76",
                    "1.77",
                    "1.78",
                    "1.78.1"
                  ]
                },
                {
                  "database_specific": {
                    "source": "https://github.com/github/advisory-database/blob/main/advisories/github-reviewed/2026/04/GHSA-574f-3g2m-x479/GHSA-574f-3g2m-x479.json"
                  },
                  "package": {
                    "ecosystem": "Maven",
                    "name": "org.bouncycastle:bcprov-ext-debug-jdk14",
                    "purl": "pkg:maven/org.bouncycastle/bcprov-ext-debug-jdk14"
                  },
                  "ranges": [
                    {
                      "events": [
                        {
                          "introduced": "1.59"
                        },
                        {
                          "last_affected": "1.74"
                        }
                      ],
                      "type": "ECOSYSTEM"
                    }
                  ],
                  "versions": [
                    "1.60",
                    "1.68",
                    "1.69",
                    "1.70",
                    "1.71",
                    "1.72",
                    "1.73",
                    "1.74"
                  ]
                },
                {
                  "database_specific": {
                    "source": "https://github.com/github/advisory-database/blob/main/advisories/github-reviewed/2026/04/GHSA-574f-3g2m-x479/GHSA-574f-3g2m-x479.json"
                  },
                  "package": {
                    "ecosystem": "Maven",
                    "name": "org.bouncycastle:bcprov-ext-debug-jdk15to18",
                    "purl": "pkg:maven/org.bouncycastle/bcprov-ext-debug-jdk15to18"
                  },
                  "ranges": [
                    {
                      "events": [
                        {
                          "introduced": "1.59"
                        },
                        {
                          "last_affected": "1.77"
                        }
                      ],
                      "type": "ECOSYSTEM"
                    }
                  ],
                  "versions": [
                    "1.68",
                    "1.69",
                    "1.70",
                    "1.71",
                    "1.72",
                    "1.73",
                    "1.74",
                    "1.75",
                    "1.76",
                    "1.77"
                  ]
                },
                {
                  "database_specific": {
                    "source": "https://github.com/github/advisory-database/blob/main/advisories/github-reviewed/2026/04/GHSA-574f-3g2m-x479/GHSA-574f-3g2m-x479.json"
                  },
                  "package": {
                    "ecosystem": "Maven",
                    "name": "org.bouncycastle:bcprov-ext-debug-jdk18on",
                    "purl": "pkg:maven/org.bouncycastle/bcprov-ext-debug-jdk18on"
                  },
                  "ranges": [
                    {
                      "events": [
                        {
                          "introduced": "1.59"
                        },
                        {
                          "last_affected": "1.77"
                        }
                      ],
                      "type": "ECOSYSTEM"
                    }
                  ],
                  "versions": [
                    "1.71",
                    "1.72",
                    "1.73",
                    "1.74",
                    "1.75",
                    "1.76",
                    "1.77"
                  ]
                },
                {
                  "database_specific": {
                    "source": "https://github.com/github/advisory-database/blob/main/advisories/github-reviewed/2026/04/GHSA-574f-3g2m-x479/GHSA-574f-3g2m-x479.json"
                  },
                  "package": {
                    "ecosystem": "Maven",
                    "name": "org.bouncycastle:bcprov-jdk14",
                    "purl": "pkg:maven/org.bouncycastle/bcprov-jdk14"
                  },
                  "versions": [
                    "1.81.0"
                  ]
                },
                {
                  "database_specific": {
                    "source": "https://github.com/github/advisory-database/blob/main/advisories/github-reviewed/2026/04/GHSA-574f-3g2m-x479/GHSA-574f-3g2m-x479.json"
                  },
                  "package": {
                    "ecosystem": "Maven",
                    "name": "org.bouncycastle:bcprov-jdk15to18",
                    "purl": "pkg:maven/org.bouncycastle/bcprov-jdk15to18"
                  },
                  "versions": [
                    "1.81.0"
                  ]
                },
                {
                  "database_specific": {
                    "source": "https://github.com/github/advisory-database/blob/main/advisories/github-reviewed/2026/04/GHSA-574f-3g2m-x479/GHSA-574f-3g2m-x479.json"
                  },
                  "package": {
                    "ecosystem": "Maven",
                    "name": "org.bouncycastle:bcprov-jdk18on",
                    "purl": "pkg:maven/org.bouncycastle/bcprov-jdk18on"
                  },
                  "ranges": [
                    {
                      "events": [
                        {
                          "introduced": "1.81.0"
                        },
                        {
                          "fixed": "1.81.1"
                        }
                      ],
                      "type": "ECOSYSTEM"
                    }
                  ],
                  "versions": [
                    "1.81",
                    "1.81.0"
                  ]
                },
                {
                  "database_specific": {
                    "source": "https://github.com/github/advisory-database/blob/main/advisories/github-reviewed/2026/04/GHSA-574f-3g2m-x479/GHSA-574f-3g2m-x479.json"
                  },
                  "package": {
                    "ecosystem": "Maven",
                    "name": "org.bouncycastle:bcprov-debug-jdk14",
                    "purl": "pkg:maven/org.bouncycastle/bcprov-debug-jdk14"
                  },
                  "versions": [
                    "1.81.0"
                  ]
                },
                {
                  "database_specific": {
                    "source": "https://github.com/github/advisory-database/blob/main/advisories/github-reviewed/2026/04/GHSA-574f-3g2m-x479/GHSA-574f-3g2m-x479.json"
                  },
                  "package": {
                    "ecosystem": "Maven",
                    "name": "org.bouncycastle:bcprov-debug-jdk15to18",
                    "purl": "pkg:maven/org.bouncycastle/bcprov-debug-jdk15to18"
                  },
                  "versions": [
                    "1.81.0"
                  ]
                },
                {
                  "database_specific": {
                    "source": "https://github.com/github/advisory-database/blob/main/advisories/github-reviewed/2026/04/GHSA-574f-3g2m-x479/GHSA-574f-3g2m-x479.json"
                  },
                  "package": {
                    "ecosystem": "Maven",
                    "name": "org.bouncycastle:bcprov-debug-jdk18on",
                    "purl": "pkg:maven/org.bouncycastle/bcprov-debug-jdk18on"
                  },
                  "versions": [
                    "1.81.0"
                  ]
                },
                {
                  "database_specific": {
                    "last_known_affected_version_range": "\u003c= 1.83",
                    "source": "https://github.com/github/advisory-database/blob/main/advisories/github-reviewed/2026/04/GHSA-574f-3g2m-x479/GHSA-574f-3g2m-x479.json"
                  },
                  "package": {
                    "ecosystem": "Maven",
                    "name": "org.bouncycastle:bcprov-jdk14",
                    "purl": "pkg:maven/org.bouncycastle/bcprov-jdk14"
                  },
                  "ranges": [
                    {
                      "events": [
                        {
                          "introduced": "1.82"
                        },
                        {
                          "fixed": "1.84"
                        }
                      ],
                      "type": "ECOSYSTEM"
                    }
                  ],
                  "versions": [
                    "1.82",
                    "1.83"
                  ]
                },
                {
                  "database_specific": {
                    "last_known_affected_version_range": "\u003c= 1.83",
                    "source": "https://github.com/github/advisory-database/blob/main/advisories/github-reviewed/2026/04/GHSA-574f-3g2m-x479/GHSA-574f-3g2m-x479.json"
                  },
                  "package": {
                    "ecosystem": "Maven",
                    "name": "org.bouncycastle:bcprov-jdk15to18",
                    "purl": "pkg:maven/org.bouncycastle/bcprov-jdk15to18"
                  },
                  "ranges": [
                    {
                      "events": [
                        {
                          "introduced": "1.82"
                        },
                        {
                          "fixed": "1.84"
                        }
                      ],
                      "type": "ECOSYSTEM"
                    }
                  ],
                  "versions": [
                    "1.82",
                    "1.83"
                  ]
                },
                {
                  "database_specific": {
                    "last_known_affected_version_range": "\u003c= 1.83",
                    "source": "https://github.com/github/advisory-database/blob/main/advisories/github-reviewed/2026/04/GHSA-574f-3g2m-x479/GHSA-574f-3g2m-x479.json"
                  },
                  "package": {
                    "ecosystem": "Maven",
                    "name": "org.bouncycastle:bcprov-jdk18on",
                    "purl": "pkg:maven/org.bouncycastle/bcprov-jdk18on"
                  },
                  "ranges": [
                    {
                      "events": [
                        {
                          "introduced": "1.82"
                        },
                        {
                          "fixed": "1.84"
                        }
                      ],
                      "type": "ECOSYSTEM"
                    }
                  ],
                  "versions": [
                    "1.82",
                    "1.83"
                  ]
                },
                {
                  "database_specific": {
                    "last_known_affected_version_range": "\u003c= 1.83",
                    "source": "https://github.com/github/advisory-database/blob/main/advisories/github-reviewed/2026/04/GHSA-574f-3g2m-x479/GHSA-574f-3g2m-x479.json"
                  },
                  "package": {
                    "ecosystem": "Maven",
                    "name": "org.bouncycastle:bcprov-debug-jdk14",
                    "purl": "pkg:maven/org.bouncycastle/bcprov-debug-jdk14"
                  },
                  "ranges": [
                    {
                      "events": [
                        {
                          "introduced": "1.82"
                        },
                        {
                          "fixed": "1.84"
                        }
                      ],
                      "type": "ECOSYSTEM"
                    }
                  ],
                  "versions": [
                    "1.82",
                    "1.83"
                  ]
                },
                {
                  "database_specific": {
                    "last_known_affected_version_range": "\u003c= 1.83",
                    "source": "https://github.com/github/advisory-database/blob/main/advisories/github-reviewed/2026/04/GHSA-574f-3g2m-x479/GHSA-574f-3g2m-x479.json"
                  },
                  "package": {
                    "ecosystem": "Maven",
                    "name": "org.bouncycastle:bcprov-debug-jdk15to18",
                    "purl": "pkg:maven/org.bouncycastle/bcprov-debug-jdk15to18"
                  },
                  "ranges": [
                    {
                      "events": [
                        {
                          "introduced": "1.82"
                        },
                        {
                          "fixed": "1.84"
                        }
                      ],
                      "type": "ECOSYSTEM"
                    }
                  ],
                  "versions": [
                    "1.82",
                    "1.83"
                  ]
                },
                {
                  "database_specific": {
                    "last_known_affected_version_range": "\u003c= 1.83",
                    "source": "https://github.com/github/advisory-database/blob/main/advisories/github-reviewed/2026/04/GHSA-574f-3g2m-x479/GHSA-574f-3g2m-x479.json"
                  },
                  "package": {
                    "ecosystem": "Maven",
                    "name": "org.bouncycastle:bcprov-debug-jdk18on",
                    "purl": "pkg:maven/org.bouncycastle/bcprov-debug-jdk18on"
                  },
                  "ranges": [
                    {
                      "events": [
                        {
                          "introduced": "1.82"
                        },
                        {
                          "fixed": "1.84"
                        }
                      ],
                      "type": "ECOSYSTEM"
                    }
                  ],
                  "versions": [
                    "1.82",
                    "1.83"
                  ]
                },
                {
                  "database_specific": {
                    "source": "https://github.com/github/advisory-database/blob/main/advisories/github-reviewed/2026/04/GHSA-574f-3g2m-x479/GHSA-574f-3g2m-x479.json"
                  },
                  "package": {
                    "ecosystem": "Maven",
                    "name": "org.bouncycastle:bcprov-debug-jdk15on",
                    "purl": "pkg:maven/org.bouncycastle/bcprov-debug-jdk15on"
                  },
                  "ranges": [
                    {
                      "events": [
                        {
                          "introduced": "0"
                        },
                        {
                          "last_affected": "1.7.0"
                        }
                      ],
                      "type": "ECOSYSTEM"
                    }
                  ]
                },
                {
                  "database_specific": {
                    "source": "https://github.com/github/advisory-database/blob/main/advisories/github-reviewed/2026/04/GHSA-574f-3g2m-x479/GHSA-574f-3g2m-x479.json"
                  },
                  "package": {
                    "ecosystem": "Maven",
                    "name": "org.bouncycastle:bcprov-jdk15on",
                    "purl": "pkg:maven/org.bouncycastle/bcprov-jdk15on"
                  },
                  "ranges": [
                    {
                      "events": [
                        {
                          "introduced": "0"
                        },
                        {
                          "last_affected": "1.7.0"
                        }
                      ],
                      "type": "ECOSYSTEM"
                    }
                  ]
                }
              ],
              "aliases": [
                "CVE-2025-14813"
              ],
              "database_specific": {
                "cwe_ids": [
                  "CWE-323",
                  "CWE-327"
                ],
                "github_reviewed": true,
                "github_reviewed_at": "2026-06-30T19:45:20Z",
                "nvd_published_at": "2026-04-15T10:16:38Z",
                "severity": "CRITICAL"
              },
              "details": "The GOST 28147-2015 CTR mode implementation (`G3413CTRBlockCipher`) in the Legion of the Bouncy Castle BC-JAVA `bcprov` core module only increments the final byte of the counter, so the counter wraps after 255 blocks and the keystream is reused. Reusing CTR keystream allows an attacker who can observe two ciphertexts produced with the same key/IV to recover the XOR of the plaintexts, breaking confidentiality. Affects BC-JAVA from 1.59 before 1.84 (with backported fixes in 1.80.2 and 1.81.1).",
              "id": "GHSA-574f-3g2m-x479",
              "modified": "2026-09-24T15:30:06.452617383Z",
              "published": "2026-04-17T18:31:50Z",
              "references": [
                {
                  "type": "ADVISORY",
                  "url": "https://nvd.nist.gov/vuln/detail/CVE-2025-14813"
                },
                {
                  "type": "WEB",
                  "url": "https://github.com/bcgit/bc-java/commit/b42574345414e4b7c8051b16fa1fafe01c29871f"
                },
                {
                  "type": "WEB",
                  "url": "https://github.com/bcgit/bc-java/commit/701686cb0184cd9ae103c801b3581fdf95c6d4f3"
                },
                {
                  "type": "WEB",
                  "url": "https://access.redhat.com/errata/RHSA-2026:11720"
                },
                {
                  "type": "WEB",
                  "url": "https://access.redhat.com/errata/RHSA-2026:60248"
                },
                {
                  "type": "WEB",
                  "url": "https://access.redhat.com/errata/RHSA-2026:60249"
                },
                {
                  "type": "WEB",
                  "url": "https://access.redhat.com/errata/RHSA-2026:60250"
                },
                {
                  "type": "WEB",
                  "url": "https://access.redhat.com/errata/RHSA-2026:60251"
                },
                {
                  "type": "WEB",
                  "url": "https://access.redhat.com/errata/RHSA-2026:60252"
                },
                {
                  "type": "WEB",
                  "url": "https://access.redhat.com/errata/RHSA-2026:60254"
                },
                {
                  "type": "WEB",
                  "url": "https://access.redhat.com/errata/RHSA-2026:60256"
                },
                {
                  "type": "WEB",
                  "url": "https://access.redhat.com/errata/RHSA-2026:60259"
                },
                {
                  "type": "WEB",
                  "url": "https://access.redhat.com/errata/RHSA-2026:66488"
                },
                {
                  "type": "WEB",
                  "url": "https://access.redhat.com/security/cve/CVE-2025-14813"
                },
                {
                  "type": "WEB",
                  "url": "https://bugzilla.redhat.com/show_bug.cgi?id=2458640"
                },
                {
                  "type": "PACKAGE",
                  "url": "https://github.com/bcgit/bc-java"
                },
                {
                  "type": "WEB",
                  "url": "https://github.com/bcgit/bc-java/wiki/CVE%E2%80%902025%E2%80%9014813"
                },
                {
                  "type": "WEB",
                  "url": "https://security.access.redhat.com/data/csaf/v2/vex/2025/cve-2025-14813.json"
                },
                {
                  "type": "WEB",
                  "url": "https://access.redhat.com/errata/RHSA-2026:11721"
                },
                {
                  "type": "WEB",
                  "url": "https://access.redhat.com/errata/RHSA-2026:13631"
                },
                {
                  "type": "WEB",
                  "url": "https://access.redhat.com/errata/RHSA-2026:14272"
                },
                {
                  "type": "WEB",
                  "url": "https://access.redhat.com/errata/RHSA-2026:14276"
                },
                {
                  "type": "WEB",
                  "url": "https://access.redhat.com/errata/RHSA-2026:17668"
                },
                {
                  "type": "WEB",
                  "url": "https://access.redhat.com/errata/RHSA-2026:18054"
                },
                {
                  "type": "WEB",
                  "url": "https://access.redhat.com/errata/RHSA-2026:18055"
                },
                {
                  "type": "WEB",
                  "url": "https://access.redhat.com/errata/RHSA-2026:18059"
                },
                {
                  "type": "WEB",
                  "url": "https://access.redhat.com/errata/RHSA-2026:21772"
                },
                {
                  "type": "WEB",
                  "url": "https://access.redhat.com/errata/RHSA-2026:24977"
                },
                {
                  "type": "WEB",
                  "url": "https://access.redhat.com/errata/RHSA-2026:53644"
                },
                {
                  "type": "WEB",
                  "url": "https://access.redhat.com/errata/RHSA-2026:53645"
                },
                {
                  "type": "WEB",
                  "url": "https://access.redhat.com/errata/RHSA-2026:53646"
                },
                {
                  "type": "WEB",
                  "url": "https://access.redhat.com/errata/RHSA-2026:53806"
                },
                {
                  "type": "WEB",
                  "url": "https://access.redhat.com/errata/RHSA-2026:60239"
                },
                {
                  "type": "WEB",
                  "url": "https://access.redhat.com/errata/RHSA-2026:60246"
                },
                {
                  "type": "WEB",
                  "url": "https://access.redhat.com/errata/RHSA-2026:60247"
                }
              ],
              "schema_version": "1.9.0",
              "severity": [
                {
                  "score": "CVSS:3.1/AV:N/AC:L/PR:N/UI:N/S:U/C:H/I:N/A:N",
                  "type": "CVSS_V3"
                },
                {
                  "score": "CVSS:4.0/AV:L/AC:L/AT:N/PR:N/UI:N/VC:H/VI:H/VA:N/SC:H/SI:H/SA:N/RE:M/U:Red",
                  "type": "CVSS_V4"
                }
              ],
              "summary": "Bouncy Castle for Java GOST 28147 CTR mode reuses keystream after 255 blocks"
            },
            {
              "affected": [
                {
                  "database_specific": {
                    "source": "https://github.com/github/advisory-database/blob/main/advisories/github-reviewed/2026/08/GHSA-9pwp-9qqc-pr26/GHSA-9pwp-9qqc-pr26.json"
                  },
                  "package": {
                    "ecosystem": "Maven",
                    "name": "org.bouncycastle:bc-fips",
                    "purl": "pkg:maven/org.bouncycastle/bc-fips"
                  },
                  "ranges": [
                    {
                      "events": [
                        {
                          "introduced": "0"
                        },
                        {
                          "fixed": "1.0.2.7"
                        }
                      ],
                      "type": "ECOSYSTEM"
                    }
                  ],
                  "versions": [
                    "1.0.0",
                    "1.0.1",
                    "1.0.2",
                    "1.0.2.1",
                    "1.0.2.3",
                    "1.0.2.4",
                    "1.0.2.5",
                    "1.0.2.6"
                  ]
                },
                {
                  "database_specific": {
                    "source": "https://github.com/github/advisory-database/blob/main/advisories/github-reviewed/2026/08/GHSA-9pwp-9qqc-pr26/GHSA-9pwp-9qqc-pr26.json"
                  },
                  "package": {
                    "ecosystem": "Maven",
                    "name": "org.bouncycastle:bc-fips",
                    "purl": "pkg:maven/org.bouncycastle/bc-fips"
                  },
                  "ranges": [
                    {
                      "events": [
                        {
                          "introduced": "2.0.0"
                        },
                        {
                          "fixed": "2.0.2"
                        }
                      ],
                      "type": "ECOSYSTEM"
                    }
                  ],
                  "versions": [
                    "2.0.0",
                    "2.0.1"
                  ]
                },
                {
                  "database_specific": {
                    "source": "https://github.com/github/advisory-database/blob/main/advisories/github-reviewed/2026/08/GHSA-9pwp-9qqc-pr26/GHSA-9pwp-9qqc-pr26.json"
                  },
                  "package": {
                    "ecosystem": "Maven",
                    "name": "org.bouncycastle:bc-fips",
                    "purl": "pkg:maven/org.bouncycastle/bc-fips"
                  },
                  "ranges": [
                    {
                      "events": [
                        {
                          "introduced": "2.1.0"
                        },
                        {
                          "fixed": "2.1.3"
                        }
                      ],
                      "type": "ECOSYSTEM"
                    }
                  ],
                  "versions": [
                    "2.1.0",
                    "2.1.1",
                    "2.1.2"
                  ]
                },
                {
                  "database_specific": {
                    "source": "https://github.com/github/advisory-database/blob/main/advisories/github-reviewed/2026/08/GHSA-9pwp-9qqc-pr26/GHSA-9pwp-9qqc-pr26.json"
                  },
                  "package": {
                    "ecosystem": "Maven",
                    "name": "org.bouncycastle:bcprov-jdk18on",
                    "purl": "pkg:maven/org.bouncycastle/bcprov-jdk18on"
                  },
                  "ranges": [
                    {
                      "events": [
                        {
                          "introduced": "0"
                        },
                        {
                          "fixed": "1.85"
                        }
                      ],
                      "type": "ECOSYSTEM"
                    }
                  ],
                  "versions": [
                    "1.71",
                    "1.71.1",
                    "1.72",
                    "1.73",
                    "1.74",
                    "1.75",
                    "1.76",
                    "1.77",
                    "1.78",
                    "1.78.1",
                    "1.79",
                    "1.80",
                    "1.80.2",
                    "1.81",
                    "1.81.1",
                    "1.82",
                    "1.83",
                    "1.84"
                  ]
                },
                {
                  "database_specific": {
                    "source": "https://github.com/github/advisory-database/blob/main/advisories/github-reviewed/2026/08/GHSA-9pwp-9qqc-pr26/GHSA-9pwp-9qqc-pr26.json"
                  },
                  "package": {
                    "ecosystem": "Maven",
                    "name": "org.bouncycastle:bcprov-lts8on",
                    "purl": "pkg:maven/org.bouncycastle/bcprov-lts8on"
                  },
                  "ranges": [
                    {
                      "events": [
                        {
                          "introduced": "0"
                        },
                        {
                          "fixed": "2.73.12"
                        }
                      ],
                      "type": "ECOSYSTEM"
                    }
                  ],
                  "versions": [
                    "2.73.0",
                    "2.73.1",
                    "2.73.10",
                    "2.73.11",
                    "2.73.2",
                    "2.73.3",
                    "2.73.4",
                    "2.73.5",
                    "2.73.6",
                    "2.73.7",
                    "2.73.8",
                    "2.73.9"
                  ]
                },
                {
                  "database_specific": {
                    "source": "https://github.com/github/advisory-database/blob/main/advisories/github-reviewed/2026/08/GHSA-9pwp-9qqc-pr26/GHSA-9pwp-9qqc-pr26.json"
                  },
                  "package": {
                    "ecosystem": "Maven",
                    "name": "org.bouncycastle:bcprov-jdk15to18",
                    "purl": "pkg:maven/org.bouncycastle/bcprov-jdk15to18"
                  },
                  "ranges": [
                    {
                      "events": [
                        {
                          "introduced": "0"
                        },
                        {
                          "fixed": "1.85"
                        }
                      ],
                      "type": "ECOSYSTEM"
                    }
                  ],
                  "versions": [
                    "1.63",
                    "1.64",
                    "1.65",
                    "1.66",
                    "1.67",
                    "1.68",
                    "1.69",
                    "1.70",
                    "1.71",
                    "1.72",
                    "1.73",
                    "1.74",
                    "1.75",
                    "1.76",
                    "1.77",
                    "1.78",
                    "1.78.1",
                    "1.79",
                    "1.80",
                    "1.81",
                    "1.82",
                    "1.83",
                    "1.84"
                  ]
                }
              ],
              "aliases": [
                "CVE-2026-8763"
              ],
              "database_specific": {
                "cwe_ids": [
                  "CWE-295"
                ],
                "github_reviewed": true,
                "github_reviewed_at": "2026-09-18T17:35:38Z",
                "nvd_published_at": "2026-08-03T01:16:45Z",
                "severity": "CRITICAL"
              },
              "details": "In Bouncy Castle for Java before 1.85, Name Constraints bypass via trailing dot in rfc822Name and URI. This issue also affects Bouncy Castle for Java LTS before 2.73.12, and Bouncy Castle for Java FIPS (BC-FJA) before bc-fips 1.0.2.7 (1.0.X series), 2.0.2 (2.0.X series) and 2.1.3 (2.1.X series).",
              "id": "GHSA-9pwp-9qqc-pr26",
              "modified": "2026-09-18T17:45:06.105254943Z",
              "published": "2026-08-03T03:31:56Z",
              "references": [
                {
                  "type": "ADVISORY",
                  "url": "https://nvd.nist.gov/vuln/detail/CVE-2026-8763"
                },
                {
                  "type": "WEB",
                  "url": "https://github.com/bcgit/bc-java/commit/2c28b253a44681fbbc562561eab6ad383d2ae558"
                },
                {
                  "type": "PACKAGE",
                  "url": "https://github.com/bcgit/bc-java"
                },
                {
                  "type": "WEB",
                  "url": "https://github.com/bcgit/bc-java/releases/tag/r1rv85v2"
                },
                {
                  "type": "WEB",
                  "url": "https://github.com/bcgit/bc-java/wiki/CVE%E2%80%902026%E2%80%908763"
                },
                {
                  "type": "WEB",
                  "url": "https://github.com/bcgit/bc-java/wiki/CVE-2026-8763"
                }
              ],
              "schema_version": "1.9.0",
              "severity": [
                {
                  "score": "CVSS:3.1/AV:N/AC:L/PR:N/UI:N/S:U/C:H/I:H/A:N",
                  "type": "CVSS_V3"
                },
                {
                  "score": "CVSS:4.0/AV:N/AC:L/AT:N/PR:N/UI:N/VC:H/VI:H/VA:N/SC:N/SI:N/SA:N/U:Amber",
                  "type": "CVSS_V4"
                }
              ],
              "summary": "Bouncy Castle: Name Constraints bypass via trailing dot in rfc822Name and URI"
            },
            {
              "affected": [
                {
                  "database_specific": {
                    "source": "https://github.com/github/advisory-database/blob/main/advisories/github-reviewed/2026/04/GHSA-c3fc-8qff-9hwx/GHSA-c3fc-8qff-9hwx.json"
                  },
                  "package": {
                    "ecosystem": "Maven",
                    "name": "org.bouncycastle:bcprov-jdk14",
                    "purl": "pkg:maven/org.bouncycastle/bcprov-jdk14"
                  },
                  "ranges": [
                    {
                      "events": [
                        {
                          "introduced": "1.74"
                        },
                        {
                          "fixed": "1.84"
                        }
                      ],
                      "type": "ECOSYSTEM"
                    }
                  ],
                  "versions": [
                    "1.74",
                    "1.75",
                    "1.76",
                    "1.77",
                    "1.78",
                    "1.78.1",
                    "1.79",
                    "1.80",
                    "1.81",
                    "1.82",
                    "1.83"
                  ]
                },
                {
                  "database_specific": {
                    "source": "https://github.com/github/advisory-database/blob/main/advisories/github-reviewed/2026/04/GHSA-c3fc-8qff-9hwx/GHSA-c3fc-8qff-9hwx.json"
                  },
                  "package": {
                    "ecosystem": "Maven",
                    "name": "org.bouncycastle:bcprov-jdk15to18",
                    "purl": "pkg:maven/org.bouncycastle/bcprov-jdk15to18"
                  },
                  "ranges": [
                    {
                      "events": [
                        {
                          "introduced": "1.74"
                        },
                        {
                          "fixed": "1.84"
                        }
                      ],
                      "type": "ECOSYSTEM"
                    }
                  ],
                  "versions": [
                    "1.74",
                    "1.75",
                    "1.76",
                    "1.77",
                    "1.78",
                    "1.78.1",
                    "1.79",
                    "1.80",
                    "1.81",
                    "1.82",
                    "1.83"
                  ]
                },
                {
                  "database_specific": {
                    "source": "https://github.com/github/advisory-database/blob/main/advisories/github-reviewed/2026/04/GHSA-c3fc-8qff-9hwx/GHSA-c3fc-8qff-9hwx.json"
                  },
                  "package": {
                    "ecosystem": "Maven",
                    "name": "org.bouncycastle:bcprov-jdk18on",
                    "purl": "pkg:maven/org.bouncycastle/bcprov-jdk18on"
                  },
                  "ranges": [
                    {
                      "events": [
                        {
                          "introduced": "1.74"
                        },
                        {
                          "fixed": "1.84"
                        }
                      ],
                      "type": "ECOSYSTEM"
                    }
                  ],
                  "versions": [
                    "1.74",
                    "1.75",
                    "1.76",
                    "1.77",
                    "1.78",
                    "1.78.1",
                    "1.79",
                    "1.80",
                    "1.80.2",
                    "1.81",
                    "1.81.1",
                    "1.82",
                    "1.83"
                  ]
                }
              ],
              "aliases": [
                "CVE-2026-0636"
              ],
              "database_specific": {
                "cwe_ids": [
                  "CWE-90"
                ],
                "github_reviewed": true,
                "github_reviewed_at": "2026-04-18T01:06:02Z",
                "nvd_published_at": "2026-04-15T10:16:38Z",
                "severity": "MODERATE"
              },
              "details": "Improper neutralization of special elements used in an LDAP query ('LDAP injection') vulnerability in Legion of the Bouncy Castle Inc. BC-JAVA bcprov on all (prov modules). This vulnerability is associated with program files LDAPStoreHelper.\n\nThis issue affects BC-JAVA: from 1.74 before 1.84.",
              "id": "GHSA-c3fc-8qff-9hwx",
              "modified": "2026-09-10T03:51:01.534612930Z",
              "published": "2026-04-17T18:31:50Z",
              "references": [
                {
                  "type": "ADVISORY",
                  "url": "https://nvd.nist.gov/vuln/detail/CVE-2026-0636"
                },
                {
                  "type": "WEB",
                  "url": "https://github.com/bcgit/bc-java/commit/d20cdb8430e09224114fec0179a71859929fcbde"
                },
                {
                  "type": "PACKAGE",
                  "url": "https://github.com/bcgit/bc-java"
                },
                {
                  "type": "WEB",
                  "url": "https://github.com/bcgit/bc-java/wiki/CVE%E2%80%902026%E2%80%900636"
                }
              ],
              "schema_version": "1.9.0",
              "severity": [
                {
                  "score": "CVSS:4.0/AV:N/AC:L/AT:N/PR:N/UI:N/VC:L/VI:N/VA:N/SC:N/SI:N/SA:N/E:P/RE:M/U:Amber",
                  "type": "CVSS_V4"
                }
              ],
              "summary": "Bouncy Castle has an LDAP injection"
            },
            {
              "affected": [
                {
                  "database_specific": {
                    "source": "https://github.com/github/advisory-database/blob/main/advisories/github-reviewed/2026/08/GHSA-qp49-qgx5-5m26/GHSA-qp49-qgx5-5m26.json"
                  },
                  "package": {
                    "ecosystem": "Maven",
                    "name": "org.bouncycastle:bcprov-jdk18on",
                    "purl": "pkg:maven/org.bouncycastle/bcprov-jdk18on"
                  },
                  "ranges": [
                    {
                      "events": [
                        {
                          "introduced": "0"
                        },
                        {
                          "fixed": "1.85"
                        }
                      ],
                      "type": "ECOSYSTEM"
                    }
                  ],
                  "versions": [
                    "1.71",
                    "1.71.1",
                    "1.72",
                    "1.73",
                    "1.74",
                    "1.75",
                    "1.76",
                    "1.77",
                    "1.78",
                    "1.78.1",
                    "1.79",
                    "1.80",
                    "1.80.2",
                    "1.81",
                    "1.81.1",
                    "1.82",
                    "1.83",
                    "1.84"
                  ]
                },
                {
                  "database_specific": {
                    "source": "https://github.com/github/advisory-database/blob/main/advisories/github-reviewed/2026/08/GHSA-qp49-qgx5-5m26/GHSA-qp49-qgx5-5m26.json"
                  },
                  "package": {
                    "ecosystem": "Maven",
                    "name": "org.bouncycastle:bc-fips",
                    "purl": "pkg:maven/org.bouncycastle/bc-fips"
                  },
                  "ranges": [
                    {
                      "events": [
                        {
                          "introduced": "0"
                        },
                        {
                          "fixed": "1.0.2.7"
                        }
                      ],
                      "type": "ECOSYSTEM"
                    }
                  ],
                  "versions": [
                    "1.0.0",
                    "1.0.1",
                    "1.0.2",
                    "1.0.2.1",
                    "1.0.2.3",
                    "1.0.2.4",
                    "1.0.2.5",
                    "1.0.2.6"
                  ]
                },
                {
                  "database_specific": {
                    "source": "https://github.com/github/advisory-database/blob/main/advisories/github-reviewed/2026/08/GHSA-qp49-qgx5-5m26/GHSA-qp49-qgx5-5m26.json"
                  },
                  "package": {
                    "ecosystem": "Maven",
                    "name": "org.bouncycastle:bc-fips",
                    "purl": "pkg:maven/org.bouncycastle/bc-fips"
                  },
                  "ranges": [
                    {
                      "events": [
                        {
                          "introduced": "2.0.0"
                        },
                        {
                          "fixed": "2.0.2"
                        }
                      ],
                      "type": "ECOSYSTEM"
                    }
                  ],
                  "versions": [
                    "2.0.0",
                    "2.0.1"
                  ]
                },
                {
                  "database_specific": {
                    "source": "https://github.com/github/advisory-database/blob/main/advisories/github-reviewed/2026/08/GHSA-qp49-qgx5-5m26/GHSA-qp49-qgx5-5m26.json"
                  },
                  "package": {
                    "ecosystem": "Maven",
                    "name": "org.bouncycastle:bc-fips",
                    "purl": "pkg:maven/org.bouncycastle/bc-fips"
                  },
                  "ranges": [
                    {
                      "events": [
                        {
                          "introduced": "2.1.0"
                        },
                        {
                          "fixed": "2.1.3"
                        }
                      ],
                      "type": "ECOSYSTEM"
                    }
                  ],
                  "versions": [
                    "2.1.0",
                    "2.1.1",
                    "2.1.2"
                  ]
                },
                {
                  "database_specific": {
                    "source": "https://github.com/github/advisory-database/blob/main/advisories/github-reviewed/2026/08/GHSA-qp49-qgx5-5m26/GHSA-qp49-qgx5-5m26.json"
                  },
                  "package": {
                    "ecosystem": "Maven",
                    "name": "org.bouncycastle:bcprov-lts8on",
                    "purl": "pkg:maven/org.bouncycastle/bcprov-lts8on"
                  },
                  "ranges": [
                    {
                      "events": [
                        {
                          "introduced": "0"
                        },
                        {
                          "fixed": "2.73.12"
                        }
                      ],
                      "type": "ECOSYSTEM"
                    }
                  ],
                  "versions": [
                    "2.73.0",
                    "2.73.1",
                    "2.73.10",
                    "2.73.11",
                    "2.73.2",
                    "2.73.3",
                    "2.73.4",
                    "2.73.5",
                    "2.73.6",
                    "2.73.7",
                    "2.73.8",
                    "2.73.9"
                  ]
                },
                {
                  "database_specific": {
                    "source": "https://github.com/github/advisory-database/blob/main/advisories/github-reviewed/2026/08/GHSA-qp49-qgx5-5m26/GHSA-qp49-qgx5-5m26.json"
                  },
                  "package": {
                    "ecosystem": "Maven",
                    "name": "org.bouncycastle:bcprov-jdk15to18",
                    "purl": "pkg:maven/org.bouncycastle/bcprov-jdk15to18"
                  },
                  "ranges": [
                    {
                      "events": [
                        {
                          "introduced": "0"
                        },
                        {
                          "fixed": "1.85"
                        }
                      ],
                      "type": "ECOSYSTEM"
                    }
                  ],
                  "versions": [
                    "1.63",
                    "1.64",
                    "1.65",
                    "1.66",
                    "1.67",
                    "1.68",
                    "1.69",
                    "1.70",
                    "1.71",
                    "1.72",
                    "1.73",
                    "1.74",
                    "1.75",
                    "1.76",
                    "1.77",
                    "1.78",
                    "1.78.1",
                    "1.79",
                    "1.80",
                    "1.81",
                    "1.82",
                    "1.83",
                    "1.84"
                  ]
                }
              ],
              "aliases": [
                "CVE-2026-13506"
              ],
              "database_specific": {
                "cwe_ids": [
                  "CWE-674"
                ],
                "github_reviewed": true,
                "github_reviewed_at": "2026-09-18T17:37:51Z",
                "nvd_published_at": "2026-08-03T04:16:39Z",
                "severity": "HIGH"
              },
              "details": "In Bouncy Castle for Java before 1.85, Lazy ASN.1 sequence forcing resets nesting-depth guard. This issue also affects Bouncy Castle for Java LTS before 2.73.12, and Bouncy Castle for Java FIPS (BC-FJA) before bc-fips 1.0.2.7 (1.0.X series), 2.0.2 (2.0.X series) and 2.1.3 (2.1.X series).",
              "id": "GHSA-qp49-qgx5-5m26",
              "modified": "2026-09-18T17:45:06.096277818Z",
              "published": "2026-08-03T06:31:44Z",
              "references": [
                {
                  "type": "ADVISORY",
                  "url": "https://nvd.nist.gov/vuln/detail/CVE-2026-13506"
                },
                {
                  "type": "WEB",
                  "url": "https://github.com/bcgit/bc-java/commit/77454da9b3dcaaa2991412d1c3c1a6e1a338ff84"
                },
                {
                  "type": "PACKAGE",
                  "url": "https://github.com/bcgit/bc-java"
                },
                {
                  "type": "WEB",
                  "url": "https://github.com/bcgit/bc-java/wiki/CVE-2026-13506"
                }
              ],
              "schema_version": "1.9.0",
              "severity": [
                {
                  "score": "CVSS:3.1/AV:N/AC:L/PR:N/UI:N/S:U/C:N/I:N/A:H",
                  "type": "CVSS_V3"
                },
                {
                  "score": "CVSS:4.0/AV:N/AC:L/AT:N/PR:N/UI:N/VC:N/VI:N/VA:H/SC:N/SI:N/SA:N/U:Amber",
                  "type": "CVSS_V4"
                }
              ],
              "summary": "Bouncy Castle: Lazy ASN.1 sequence forcing resets nesting-depth guard"
            }
          ]
        },
        {
          "package": {
            "name": "org.eclipse.jetty.ee9:jetty-ee9-security",
            "version": "12.1.8",
            "ecosystem": "Maven"
          },
          "groups": [
            {
              "ids": [
                "GHSA-2fvj-hgj9-j2gr"
              ],
              "aliases": [
                "CVE-2026-10050",
                "GHSA-2fvj-hgj9-j2gr"
              ],
              "max_severity": "8.7"
            }
          ],
          "vulnerabilities": [
            {
              "affected": [
                {
                  "database_specific": {
                    "last_known_affected_version_range": "\u003c= 9.4.58.v20250814",
                    "source": "https://github.com/github/advisory-database/blob/main/advisories/github-reviewed/2026/07/GHSA-2fvj-hgj9-j2gr/GHSA-2fvj-hgj9-j2gr.json"
                  },
                  "package": {
                    "ecosystem": "Maven",
                    "name": "org.eclipse.jetty:jetty-security",
                    "purl": "pkg:maven/org.eclipse.jetty/jetty-security"
                  },
                  "ranges": [
                    {
                      "events": [
                        {
                          "introduced": "9.4.0.v20161208"
                        },
                        {
                          "fixed": "9.4.63"
                        }
                      ],
                      "type": "ECOSYSTEM"
                    }
                  ],
                  "versions": [
                    "9.4.0.v20161208",
                    "9.4.0.v20180619",
                    "9.4.1.v20170120",
                    "9.4.1.v20180619",
                    "9.4.10.RC0",
                    "9.4.10.RC1",
                    "9.4.10.v20180503",
                    "9.4.11.v20180605",
                    "9.4.12.RC0",
                    "9.4.12.RC1",
                    "9.4.12.RC2",
                    "9.4.12.v20180830",
                    "9.4.13.v20181111",
                    "9.4.14.v20181114",
                    "9.4.15.v20190215",
                    "9.4.16.v20190411",
                    "9.4.17.v20190418",
                    "9.4.18.v20190429",
                    "9.4.19.v20190610",
                    "9.4.2.v20170220",
                    "9.4.2.v20180619",
                    "9.4.20.v20190813",
                    "9.4.21.v20190926",
                    "9.4.22.v20191022",
                    "9.4.23.v20191118",
                    "9.4.24.v20191120",
                    "9.4.25.v20191220",
                    "9.4.26.v20200117",
                    "9.4.27.v20200227",
                    "9.4.28.v20200408",
                    "9.4.29.v20200521",
                    "9.4.3.v20170317",
                    "9.4.3.v20180619",
                    "9.4.30.v20200611",
                    "9.4.31.v20200723",
                    "9.4.32.v20200930",
                    "9.4.33.v20201020",
                    "9.4.34.v20201102",
                    "9.4.35.v20201120",
                    "9.4.36.v20210114",
                    "9.4.37.v20210219",
                    "9.4.38.v20210224",
                    "9.4.39.v20210325",
                    "9.4.4.v20170414",
                    "9.4.4.v20180619",
                    "9.4.40.v20210413",
                    "9.4.41.v20210516",
                    "9.4.42.v20210604",
                    "9.4.43.v20210629",
                    "9.4.44.v20210927",
                    "9.4.45.v20220203",
                    "9.4.46.v20220331",
                    "9.4.47.v20220610",
                    "9.4.48.v20220622",
                    "9.4.49.v20220914",
                    "9.4.5.v20170502",
                    "9.4.5.v20180619",
                    "9.4.50.v20221201",
                    "9.4.51.v20230217",
                    "9.4.52.v20230823",
                    "9.4.53.v20231009",
                    "9.4.54.v20240208",
                    "9.4.55.v20240627",
                    "9.4.56.v20240826",
                    "9.4.57.v20241219",
                    "9.4.58.v20250814",
                    "9.4.6.v20170531",
                    "9.4.6.v20180619",
                    "9.4.7.RC0",
                    "9.4.7.v20170914",
                    "9.4.7.v20180619",
                    "9.4.8.v20171121",
                    "9.4.8.v20180619",
                    "9.4.9.v20180320"
                  ]
                },
                {
                  "database_specific": {
                    "last_known_affected_version_range": "\u003c= 10.0.26",
                    "source": "https://github.com/github/advisory-database/blob/main/advisories/github-reviewed/2026/07/GHSA-2fvj-hgj9-j2gr/GHSA-2fvj-hgj9-j2gr.json"
                  },
                  "package": {
                    "ecosystem": "Maven",
                    "name": "org.eclipse.jetty:jetty-security",
                    "purl": "pkg:maven/org.eclipse.jetty/jetty-security"
                  },
                  "ranges": [
                    {
                      "events": [
                        {
                          "introduced": "10.0.0"
                        },
                        {
                          "fixed": "10.0.31"
                        }
                      ],
                      "type": "ECOSYSTEM"
                    }
                  ],
                  "versions": [
                    "10.0.0",
                    "10.0.1",
                    "10.0.10",
                    "10.0.11",
                    "10.0.12",
                    "10.0.13",
                    "10.0.14",
                    "10.0.15",
                    "10.0.16",
                    "10.0.17",
                    "10.0.18",
                    "10.0.19",
                    "10.0.2",
                    "10.0.20",
                    "10.0.21",
                    "10.0.22",
                    "10.0.23",
                    "10.0.24",
                    "10.0.25",
                    "10.0.26",
                    "10.0.3",
                    "10.0.4",
                    "10.0.5",
                    "10.0.6",
                    "10.0.7",
                    "10.0.8",
                    "10.0.9"
                  ]
                },
                {
                  "database_specific": {
                    "last_known_affected_version_range": "\u003c= 11.0.26",
                    "source": "https://github.com/github/advisory-database/blob/main/advisories/github-reviewed/2026/07/GHSA-2fvj-hgj9-j2gr/GHSA-2fvj-hgj9-j2gr.json"
                  },
                  "package": {
                    "ecosystem": "Maven",
                    "name": "org.eclipse.jetty:jetty-security",
                    "purl": "pkg:maven/org.eclipse.jetty/jetty-security"
                  },
                  "ranges": [
                    {
                      "events": [
                        {
                          "introduced": "11.0.0"
                        },
                        {
                          "fixed": "11.0.31"
                        }
                      ],
                      "type": "ECOSYSTEM"
                    }
                  ],
                  "versions": [
                    "11.0.0",
                    "11.0.1",
                    "11.0.10",
                    "11.0.11",
                    "11.0.12",
                    "11.0.13",
                    "11.0.14",
                    "11.0.15",
                    "11.0.16",
                    "11.0.17",
                    "11.0.18",
                    "11.0.19",
                    "11.0.2",
                    "11.0.20",
                    "11.0.21",
                    "11.0.22",
                    "11.0.23",
                    "11.0.24",
                    "11.0.25",
                    "11.0.26",
                    "11.0.3",
                    "11.0.4",
                    "11.0.5",
                    "11.0.6",
                    "11.0.7",
                    "11.0.8",
                    "11.0.9"
                  ]
                },
                {
                  "database_specific": {
                    "last_known_affected_version_range": "\u003c= 12.0.35",
                    "source": "https://github.com/github/advisory-database/blob/main/advisories/github-reviewed/2026/07/GHSA-2fvj-hgj9-j2gr/GHSA-2fvj-hgj9-j2gr.json"
                  },
                  "package": {
                    "ecosystem": "Maven",
                    "name": "org.eclipse.jetty:jetty-security",
                    "purl": "pkg:maven/org.eclipse.jetty/jetty-security"
                  },
                  "ranges": [
                    {
                      "events": [
                        {
                          "introduced": "12.0.0"
                        },
                        {
                          "fixed": "12.0.36"
                        }
                      ],
                      "type": "ECOSYSTEM"
                    }
                  ],
                  "versions": [
                    "12.0.0",
                    "12.0.1",
                    "12.0.10",
                    "12.0.11",
                    "12.0.12",
                    "12.0.13",
                    "12.0.14",
                    "12.0.15",
                    "12.0.16",
                    "12.0.17",
                    "12.0.18",
                    "12.0.19",
                    "12.0.2",
                    "12.0.20",
                    "12.0.21",
                    "12.0.22",
                    "12.0.23",
                    "12.0.24",
                    "12.0.25",
                    "12.0.26",
                    "12.0.27",
                    "12.0.28",
                    "12.0.29",
                    "12.0.3",
                    "12.0.30",
                    "12.0.31",
                    "12.0.32",
                    "12.0.33",
                    "12.0.34",
                    "12.0.35",
                    "12.0.4",
                    "12.0.5",
                    "12.0.6",
                    "12.0.7",
                    "12.0.8",
                    "12.0.9"
                  ]
                },
                {
                  "database_specific": {
                    "last_known_affected_version_range": "\u003c= 12.0.35",
                    "source": "https://github.com/github/advisory-database/blob/main/advisories/github-reviewed/2026/07/GHSA-2fvj-hgj9-j2gr/GHSA-2fvj-hgj9-j2gr.json"
                  },
                  "package": {
                    "ecosystem": "Maven",
                    "name": "org.eclipse.jetty.ee8:jetty-ee8-security",
                    "purl": "pkg:maven/org.eclipse.jetty.ee8/jetty-ee8-security"
                  },
                  "ranges": [
                    {
                      "events": [
                        {
                          "introduced": "12.0.0"
                        },
                        {
                          "fixed": "12.0.36"
                        }
                      ],
                      "type": "ECOSYSTEM"
                    }
                  ],
                  "versions": [
                    "12.0.0",
                    "12.0.1",
                    "12.0.10",
                    "12.0.11",
                    "12.0.12",
                    "12.0.13",
                    "12.0.14",
                    "12.0.15",
                    "12.0.16",
                    "12.0.17",
                    "12.0.18",
                    "12.0.19",
                    "12.0.2",
                    "12.0.20",
                    "12.0.21",
                    "12.0.22",
                    "12.0.23",
                    "12.0.24",
                    "12.0.25",
                    "12.0.26",
                    "12.0.27",
                    "12.0.28",
                    "12.0.29",
                    "12.0.3",
                    "12.0.30",
                    "12.0.31",
                    "12.0.32",
                    "12.0.33",
                    "12.0.34",
                    "12.0.35",
                    "12.0.4",
                    "12.0.5",
                    "12.0.6",
                    "12.0.7",
                    "12.0.8",
                    "12.0.9"
                  ]
                },
                {
                  "database_specific": {
                    "last_known_affected_version_range": "\u003c= 12.0.35",
                    "source": "https://github.com/github/advisory-database/blob/main/advisories/github-reviewed/2026/07/GHSA-2fvj-hgj9-j2gr/GHSA-2fvj-hgj9-j2gr.json"
                  },
                  "package": {
                    "ecosystem": "Maven",
                    "name": "org.eclipse.jetty.ee9:jetty-ee9-security",
                    "purl": "pkg:maven/org.eclipse.jetty.ee9/jetty-ee9-security"
                  },
                  "ranges": [
                    {
                      "events": [
                        {
                          "introduced": "12.0.0"
                        },
                        {
                          "fixed": "12.0.36"
                        }
                      ],
                      "type": "ECOSYSTEM"
                    }
                  ],
                  "versions": [
                    "12.0.0",
                    "12.0.1",
                    "12.0.10",
                    "12.0.11",
                    "12.0.12",
                    "12.0.13",
                    "12.0.14",
                    "12.0.15",
                    "12.0.16",
                    "12.0.17",
                    "12.0.18",
                    "12.0.19",
                    "12.0.2",
                    "12.0.20",
                    "12.0.21",
                    "12.0.22",
                    "12.0.23",
                    "12.0.24",
                    "12.0.25",
                    "12.0.26",
                    "12.0.27",
                    "12.0.28",
                    "12.0.29",
                    "12.0.3",
                    "12.0.30",
                    "12.0.31",
                    "12.0.32",
                    "12.0.33",
                    "12.0.34",
                    "12.0.35",
                    "12.0.4",
                    "12.0.5",
                    "12.0.6",
                    "12.0.7",
                    "12.0.8",
                    "12.0.9"
                  ]
                },
                {
                  "database_specific": {
                    "last_known_affected_version_range": "\u003c= 12.1.9",
                    "source": "https://github.com/github/advisory-database/blob/main/advisories/github-reviewed/2026/07/GHSA-2fvj-hgj9-j2gr/GHSA-2fvj-hgj9-j2gr.json"
                  },
                  "package": {
                    "ecosystem": "Maven",
                    "name": "org.eclipse.jetty:jetty-security",
                    "purl": "pkg:maven/org.eclipse.jetty/jetty-security"
                  },
                  "ranges": [
                    {
                      "events": [
                        {
                          "introduced": "12.1.0"
                        },
                        {
                          "fixed": "12.1.10"
                        }
                      ],
                      "type": "ECOSYSTEM"
                    }
                  ],
                  "versions": [
                    "12.1.0",
                    "12.1.1",
                    "12.1.2",
                    "12.1.3",
                    "12.1.4",
                    "12.1.5",
                    "12.1.6",
                    "12.1.7",
                    "12.1.8",
                    "12.1.9"
                  ]
                },
                {
                  "database_specific": {
                    "last_known_affected_version_range": "\u003c= 12.1.9",
                    "source": "https://github.com/github/advisory-database/blob/main/advisories/github-reviewed/2026/07/GHSA-2fvj-hgj9-j2gr/GHSA-2fvj-hgj9-j2gr.json"
                  },
                  "package": {
                    "ecosystem": "Maven",
                    "name": "org.eclipse.jetty.ee8:jetty-ee8-security",
                    "purl": "pkg:maven/org.eclipse.jetty.ee8/jetty-ee8-security"
                  },
                  "ranges": [
                    {
                      "events": [
                        {
                          "introduced": "12.1.0"
                        },
                        {
                          "fixed": "12.1.10"
                        }
                      ],
                      "type": "ECOSYSTEM"
                    }
                  ],
                  "versions": [
                    "12.1.0",
                    "12.1.1",
                    "12.1.2",
                    "12.1.3",
                    "12.1.4",
                    "12.1.5",
                    "12.1.6",
                    "12.1.7",
                    "12.1.8",
                    "12.1.9"
                  ]
                },
                {
                  "database_specific": {
                    "last_known_affected_version_range": "\u003c= 12.1.9",
                    "source": "https://github.com/github/advisory-database/blob/main/advisories/github-reviewed/2026/07/GHSA-2fvj-hgj9-j2gr/GHSA-2fvj-hgj9-j2gr.json"
                  },
                  "package": {
                    "ecosystem": "Maven",
                    "name": "org.eclipse.jetty.ee9:jetty-ee9-security",
                    "purl": "pkg:maven/org.eclipse.jetty.ee9/jetty-ee9-security"
                  },
                  "ranges": [
                    {
                      "events": [
                        {
                          "introduced": "12.1.0"
                        },
                        {
                          "fixed": "12.1.10"
                        }
                      ],
                      "type": "ECOSYSTEM"
                    }
                  ],
                  "versions": [
                    "12.1.0",
                    "12.1.1",
                    "12.1.2",
                    "12.1.3",
                    "12.1.4",
                    "12.1.5",
                    "12.1.6",
                    "12.1.7",
                    "12.1.8",
                    "12.1.9"
                  ]
                }
              ],
              "aliases": [
                "CVE-2026-10050"
              ],
              "database_specific": {
                "cwe_ids": [
                  "CWE-173",
                  "CWE-303"
                ],
                "github_reviewed": true,
                "github_reviewed_at": "2026-07-22T22:55:18Z",
                "nvd_published_at": null,
                "severity": "HIGH"
              },
              "details": "### Summary\nThe `DigestAuthentication.apply()` method in Jetty's HTTP client uses `getBytes(StandardCharsets.ISO_8859_1)` at three locations (lines 171, 179, 196) to compute Digest auth response hashes. ISO-8859-1 silently replaces any character above U+00FF (Chinese, Japanese, Cyrillic, Arabic, Emoji, etc.) with 0x3F (`?`), causing all such characters to produce identical hash contributions. An attacker who knows a victim's username can bypass Digest authentication by replacing all non-Latin-1 characters in the password with `?` characters, since the collision password produces the same MD5-based Digest response hash as the original password.\n\n### Details\n### Root Cause\n\nIn `jetty-core/jetty-client/src/main/java/org/eclipse/jetty/client/DigestAuthentication.java`, the `apply()` method computes the three Digest auth hashes (H(A1), H(A2), and the final response) using ISO-8859-1 character encoding:\n\n```java\n// Line 171 — H(A1)\nString hashA1 = toHexString(digester.digest(a1.getBytes(StandardCharsets.ISO_8859_1)));\n\n// Line 179 — H(A2)\nString hashA2 = toHexString(digester.digest(a2.getBytes(StandardCharsets.ISO_8859_1)));\n\n// Line 196 — Final response hash\nfinal String hashA3 = toHexString(digester.digest(a3.getBytes(StandardCharsets.ISO_8859_1)));\n```\n\nISO-8859-1 (Latin-1) can only encode characters in the range U+0000–U+00FF. Any character outside this range — including all CJK, Cyrillic, Arabic, Greek, Hangul, and emoji characters — is silently replaced with the byte `0x3F` (`?`). `String.getBytes(ISO_8859_1)` in Java performs this replacement without any warning or exception.\n\n### PoC\n```\nPassword: \"我爱Java!密码123★\" (7 non-Latin-1 characters)\n\nUTF-8 encoding:    45 bytes → MD5 H(A1) = 9a4e61484f228633d5d0f95d1bbb0a99\nISO-8859-1:        31 bytes → MD5 H(A1) = d60ddc903d71913bcc3ab4a94f7fc239\nCollision \"??...\": 31 bytes → MD5 H(A1) = d60ddc903d71913bcc3ab4a94f7fc239 ← IDENTICAL\n```\n\nMulti-language confirmation — all four language passwords below produce the same hash:\n\n```\nChinese (密码123)  → H(A1) = db87f31e8d96cd15f9acec7eabdc4560\nKorean  (비번123)  → H(A1) = db87f31e8d96cd15f9acec7eabdc4560\nCyrillic(аб123)    → H(A1) = db87f31e8d96cd15f9acec7eabdc4560\nGreek   (αβ123)    → H(A1) = db87f31e8d96cd15f9acec7eabdc4560\nAttacker(??123)    → H(A1) = db87f31e8d96cd15f9acec7eabdc4560 ← all collide!\n```\n\n### Impact\n**Scenario 1: Authentication Bypass (Collision Attack)**\n\nIf a service using Jetty for Digest authentication has a user with a non-Latin-1 password (e.g., Chinese, Japanese, Russian), an attacker can authenticate as that user using a collision password where all non-Latin-1 characters are replaced with `?`:\n\n- Original password: [redacted]\n- Collision password: [redacted]\n- **Both produce identical MD5 hashes under ISO-8859-1** → Authentication succeeds\n\nThis affects any password containing characters \u003e U+00FF, which covers:\n- Chinese (CJK): U+4E00–U+9FFF\n- Japanese (Hiragana/Katakana/Kanji): U+3040–U+30FF, U+4E00+\n- Korean (Hangul): U+AC00–U+D7AF\n- Cyrillic: U+0400–U+04FF (Russian, Ukrainian, Bulgarian, etc.)\n- Arabic: U+0600–U+06FF\n- Greek: U+0370–U+03FF\n- Latin Extended: U+0100–U+024F (accented European characters like ĉ, ğ, ñ when \u003e U+00FF)\n- Emoji / Symbols \u003e U+00FF\n\n**Scenario 2: Denial of Service for Non-Latin-1 Users**\n\nMost modern web applications store password hashes computed using UTF-8. When Jetty's Digest client computes a hash with ISO-8859-1, the bytes differ from what the server stored/expects. This means **any user with non-ASCII (Latin-1+) characters in their password can never successfully authenticate via Digest auth** — even the legitimate user. This is not just a security issue but a functional correctness bug that silently breaks authentication for most non-European-language users.",
              "id": "GHSA-2fvj-hgj9-j2gr",
              "modified": "2026-09-10T03:51:10.292148883Z",
              "published": "2026-07-22T22:55:18Z",
              "references": [
                {
                  "type": "WEB",
                  "url": "https://github.com/jetty/jetty.project/security/advisories/GHSA-2fvj-hgj9-j2gr"
                },
                {
                  "type": "WEB",
                  "url": "https://github.com/jetty/jetty.project/issues/15136"
                },
                {
                  "type": "WEB",
                  "url": "https://github.com/jetty/jetty.project/pull/15160"
                },
                {
                  "type": "WEB",
                  "url": "https://github.com/jetty/jetty.project/pull/15183"
                },
                {
                  "type": "WEB",
                  "url": "https://github.com/jetty/jetty.project/commit/4bcdbc7db387ce9e20e2c7571a7250280466221d"
                },
                {
                  "type": "WEB",
                  "url": "https://github.com/jetty/jetty.project/commit/d0bb829ccecbf19e3ad3d32f2649b2800f01222d"
                },
                {
                  "type": "PACKAGE",
                  "url": "https://github.com/jetty/jetty.project"
                },
                {
                  "type": "WEB",
                  "url": "https://github.com/jetty/jetty.project/releases/tag/jetty-12.0.36"
                },
                {
                  "type": "WEB",
                  "url": "https://github.com/jetty/jetty.project/releases/tag/jetty-12.1.10"
                }
              ],
              "schema_version": "1.9.0",
              "severity": [
                {
                  "score": "CVSS:4.0/AV:N/AC:L/AT:N/PR:N/UI:N/VC:H/VI:N/VA:N/SC:N/SI:N/SA:N",
                  "type": "CVSS_V4"
                }
              ],
              "summary": "Eclipse Jetty Digest Authentication: ISO-8859-1 lossy encoding allows authentication bypass via character substitution"
            }
          ]
        },
        {
          "package": {
            "name": "org.eclipse.jetty:jetty-security",
            "version": "12.1.8",
            "ecosystem": "Maven"
          },
          "groups": [
            {
              "ids": [
                "GHSA-2fvj-hgj9-j2gr"
              ],
              "aliases": [
                "CVE-2026-10050",
                "GHSA-2fvj-hgj9-j2gr"
              ],
              "max_severity": "8.7"
            }
          ],
          "vulnerabilities": [
            {
              "affected": [
                {
                  "database_specific": {
                    "last_known_affected_version_range": "\u003c= 9.4.58.v20250814",
                    "source": "https://github.com/github/advisory-database/blob/main/advisories/github-reviewed/2026/07/GHSA-2fvj-hgj9-j2gr/GHSA-2fvj-hgj9-j2gr.json"
                  },
                  "package": {
                    "ecosystem": "Maven",
                    "name": "org.eclipse.jetty:jetty-security",
                    "purl": "pkg:maven/org.eclipse.jetty/jetty-security"
                  },
                  "ranges": [
                    {
                      "events": [
                        {
                          "introduced": "9.4.0.v20161208"
                        },
                        {
                          "fixed": "9.4.63"
                        }
                      ],
                      "type": "ECOSYSTEM"
                    }
                  ],
                  "versions": [
                    "9.4.0.v20161208",
                    "9.4.0.v20180619",
                    "9.4.1.v20170120",
                    "9.4.1.v20180619",
                    "9.4.10.RC0",
                    "9.4.10.RC1",
                    "9.4.10.v20180503",
                    "9.4.11.v20180605",
                    "9.4.12.RC0",
                    "9.4.12.RC1",
                    "9.4.12.RC2",
                    "9.4.12.v20180830",
                    "9.4.13.v20181111",
                    "9.4.14.v20181114",
                    "9.4.15.v20190215",
                    "9.4.16.v20190411",
                    "9.4.17.v20190418",
                    "9.4.18.v20190429",
                    "9.4.19.v20190610",
                    "9.4.2.v20170220",
                    "9.4.2.v20180619",
                    "9.4.20.v20190813",
                    "9.4.21.v20190926",
                    "9.4.22.v20191022",
                    "9.4.23.v20191118",
                    "9.4.24.v20191120",
                    "9.4.25.v20191220",
                    "9.4.26.v20200117",
                    "9.4.27.v20200227",
                    "9.4.28.v20200408",
                    "9.4.29.v20200521",
                    "9.4.3.v20170317",
                    "9.4.3.v20180619",
                    "9.4.30.v20200611",
                    "9.4.31.v20200723",
                    "9.4.32.v20200930",
                    "9.4.33.v20201020",
                    "9.4.34.v20201102",
                    "9.4.35.v20201120",
                    "9.4.36.v20210114",
                    "9.4.37.v20210219",
                    "9.4.38.v20210224",
                    "9.4.39.v20210325",
                    "9.4.4.v20170414",
                    "9.4.4.v20180619",
                    "9.4.40.v20210413",
                    "9.4.41.v20210516",
                    "9.4.42.v20210604",
                    "9.4.43.v20210629",
                    "9.4.44.v20210927",
                    "9.4.45.v20220203",
                    "9.4.46.v20220331",
                    "9.4.47.v20220610",
                    "9.4.48.v20220622",
                    "9.4.49.v20220914",
                    "9.4.5.v20170502",
                    "9.4.5.v20180619",
                    "9.4.50.v20221201",
                    "9.4.51.v20230217",
                    "9.4.52.v20230823",
                    "9.4.53.v20231009",
                    "9.4.54.v20240208",
                    "9.4.55.v20240627",
                    "9.4.56.v20240826",
                    "9.4.57.v20241219",
                    "9.4.58.v20250814",
                    "9.4.6.v20170531",
                    "9.4.6.v20180619",
                    "9.4.7.RC0",
                    "9.4.7.v20170914",
                    "9.4.7.v20180619",
                    "9.4.8.v20171121",
                    "9.4.8.v20180619",
                    "9.4.9.v20180320"
                  ]
                },
                {
                  "database_specific": {
                    "last_known_affected_version_range": "\u003c= 10.0.26",
                    "source": "https://github.com/github/advisory-database/blob/main/advisories/github-reviewed/2026/07/GHSA-2fvj-hgj9-j2gr/GHSA-2fvj-hgj9-j2gr.json"
                  },
                  "package": {
                    "ecosystem": "Maven",
                    "name": "org.eclipse.jetty:jetty-security",
                    "purl": "pkg:maven/org.eclipse.jetty/jetty-security"
                  },
                  "ranges": [
                    {
                      "events": [
                        {
                          "introduced": "10.0.0"
                        },
                        {
                          "fixed": "10.0.31"
                        }
                      ],
                      "type": "ECOSYSTEM"
                    }
                  ],
                  "versions": [
                    "10.0.0",
                    "10.0.1",
                    "10.0.10",
                    "10.0.11",
                    "10.0.12",
                    "10.0.13",
                    "10.0.14",
                    "10.0.15",
                    "10.0.16",
                    "10.0.17",
                    "10.0.18",
                    "10.0.19",
                    "10.0.2",
                    "10.0.20",
                    "10.0.21",
                    "10.0.22",
                    "10.0.23",
                    "10.0.24",
                    "10.0.25",
                    "10.0.26",
                    "10.0.3",
                    "10.0.4",
                    "10.0.5",
                    "10.0.6",
                    "10.0.7",
                    "10.0.8",
                    "10.0.9"
                  ]
                },
                {
                  "database_specific": {
                    "last_known_affected_version_range": "\u003c= 11.0.26",
                    "source": "https://github.com/github/advisory-database/blob/main/advisories/github-reviewed/2026/07/GHSA-2fvj-hgj9-j2gr/GHSA-2fvj-hgj9-j2gr.json"
                  },
                  "package": {
                    "ecosystem": "Maven",
                    "name": "org.eclipse.jetty:jetty-security",
                    "purl": "pkg:maven/org.eclipse.jetty/jetty-security"
                  },
                  "ranges": [
                    {
                      "events": [
                        {
                          "introduced": "11.0.0"
                        },
                        {
                          "fixed": "11.0.31"
                        }
                      ],
                      "type": "ECOSYSTEM"
                    }
                  ],
                  "versions": [
                    "11.0.0",
                    "11.0.1",
                    "11.0.10",
                    "11.0.11",
                    "11.0.12",
                    "11.0.13",
                    "11.0.14",
                    "11.0.15",
                    "11.0.16",
                    "11.0.17",
                    "11.0.18",
                    "11.0.19",
                    "11.0.2",
                    "11.0.20",
                    "11.0.21",
                    "11.0.22",
                    "11.0.23",
                    "11.0.24",
                    "11.0.25",
                    "11.0.26",
                    "11.0.3",
                    "11.0.4",
                    "11.0.5",
                    "11.0.6",
                    "11.0.7",
                    "11.0.8",
                    "11.0.9"
                  ]
                },
                {
                  "database_specific": {
                    "last_known_affected_version_range": "\u003c= 12.0.35",
                    "source": "https://github.com/github/advisory-database/blob/main/advisories/github-reviewed/2026/07/GHSA-2fvj-hgj9-j2gr/GHSA-2fvj-hgj9-j2gr.json"
                  },
                  "package": {
                    "ecosystem": "Maven",
                    "name": "org.eclipse.jetty:jetty-security",
                    "purl": "pkg:maven/org.eclipse.jetty/jetty-security"
                  },
                  "ranges": [
                    {
                      "events": [
                        {
                          "introduced": "12.0.0"
                        },
                        {
                          "fixed": "12.0.36"
                        }
                      ],
                      "type": "ECOSYSTEM"
                    }
                  ],
                  "versions": [
                    "12.0.0",
                    "12.0.1",
                    "12.0.10",
                    "12.0.11",
                    "12.0.12",
                    "12.0.13",
                    "12.0.14",
                    "12.0.15",
                    "12.0.16",
                    "12.0.17",
                    "12.0.18",
                    "12.0.19",
                    "12.0.2",
                    "12.0.20",
                    "12.0.21",
                    "12.0.22",
                    "12.0.23",
                    "12.0.24",
                    "12.0.25",
                    "12.0.26",
                    "12.0.27",
                    "12.0.28",
                    "12.0.29",
                    "12.0.3",
                    "12.0.30",
                    "12.0.31",
                    "12.0.32",
                    "12.0.33",
                    "12.0.34",
                    "12.0.35",
                    "12.0.4",
                    "12.0.5",
                    "12.0.6",
                    "12.0.7",
                    "12.0.8",
                    "12.0.9"
                  ]
                },
                {
                  "database_specific": {
                    "last_known_affected_version_range": "\u003c= 12.0.35",
                    "source": "https://github.com/github/advisory-database/blob/main/advisories/github-reviewed/2026/07/GHSA-2fvj-hgj9-j2gr/GHSA-2fvj-hgj9-j2gr.json"
                  },
                  "package": {
                    "ecosystem": "Maven",
                    "name": "org.eclipse.jetty.ee8:jetty-ee8-security",
                    "purl": "pkg:maven/org.eclipse.jetty.ee8/jetty-ee8-security"
                  },
                  "ranges": [
                    {
                      "events": [
                        {
                          "introduced": "12.0.0"
                        },
                        {
                          "fixed": "12.0.36"
                        }
                      ],
                      "type": "ECOSYSTEM"
                    }
                  ],
                  "versions": [
                    "12.0.0",
                    "12.0.1",
                    "12.0.10",
                    "12.0.11",
                    "12.0.12",
                    "12.0.13",
                    "12.0.14",
                    "12.0.15",
                    "12.0.16",
                    "12.0.17",
                    "12.0.18",
                    "12.0.19",
                    "12.0.2",
                    "12.0.20",
                    "12.0.21",
                    "12.0.22",
                    "12.0.23",
                    "12.0.24",
                    "12.0.25",
                    "12.0.26",
                    "12.0.27",
                    "12.0.28",
                    "12.0.29",
                    "12.0.3",
                    "12.0.30",
                    "12.0.31",
                    "12.0.32",
                    "12.0.33",
                    "12.0.34",
                    "12.0.35",
                    "12.0.4",
                    "12.0.5",
                    "12.0.6",
                    "12.0.7",
                    "12.0.8",
                    "12.0.9"
                  ]
                },
                {
                  "database_specific": {
                    "last_known_affected_version_range": "\u003c= 12.0.35",
                    "source": "https://github.com/github/advisory-database/blob/main/advisories/github-reviewed/2026/07/GHSA-2fvj-hgj9-j2gr/GHSA-2fvj-hgj9-j2gr.json"
                  },
                  "package": {
                    "ecosystem": "Maven",
                    "name": "org.eclipse.jetty.ee9:jetty-ee9-security",
                    "purl": "pkg:maven/org.eclipse.jetty.ee9/jetty-ee9-security"
                  },
                  "ranges": [
                    {
                      "events": [
                        {
                          "introduced": "12.0.0"
                        },
                        {
                          "fixed": "12.0.36"
                        }
                      ],
                      "type": "ECOSYSTEM"
                    }
                  ],
                  "versions": [
                    "12.0.0",
                    "12.0.1",
                    "12.0.10",
                    "12.0.11",
                    "12.0.12",
                    "12.0.13",
                    "12.0.14",
                    "12.0.15",
                    "12.0.16",
                    "12.0.17",
                    "12.0.18",
                    "12.0.19",
                    "12.0.2",
                    "12.0.20",
                    "12.0.21",
                    "12.0.22",
                    "12.0.23",
                    "12.0.24",
                    "12.0.25",
                    "12.0.26",
                    "12.0.27",
                    "12.0.28",
                    "12.0.29",
                    "12.0.3",
                    "12.0.30",
                    "12.0.31",
                    "12.0.32",
                    "12.0.33",
                    "12.0.34",
                    "12.0.35",
                    "12.0.4",
                    "12.0.5",
                    "12.0.6",
                    "12.0.7",
                    "12.0.8",
                    "12.0.9"
                  ]
                },
                {
                  "database_specific": {
                    "last_known_affected_version_range": "\u003c= 12.1.9",
                    "source": "https://github.com/github/advisory-database/blob/main/advisories/github-reviewed/2026/07/GHSA-2fvj-hgj9-j2gr/GHSA-2fvj-hgj9-j2gr.json"
                  },
                  "package": {
                    "ecosystem": "Maven",
                    "name": "org.eclipse.jetty:jetty-security",
                    "purl": "pkg:maven/org.eclipse.jetty/jetty-security"
                  },
                  "ranges": [
                    {
                      "events": [
                        {
                          "introduced": "12.1.0"
                        },
                        {
                          "fixed": "12.1.10"
                        }
                      ],
                      "type": "ECOSYSTEM"
                    }
                  ],
                  "versions": [
                    "12.1.0",
                    "12.1.1",
                    "12.1.2",
                    "12.1.3",
                    "12.1.4",
                    "12.1.5",
                    "12.1.6",
                    "12.1.7",
                    "12.1.8",
                    "12.1.9"
                  ]
                },
                {
                  "database_specific": {
                    "last_known_affected_version_range": "\u003c= 12.1.9",
                    "source": "https://github.com/github/advisory-database/blob/main/advisories/github-reviewed/2026/07/GHSA-2fvj-hgj9-j2gr/GHSA-2fvj-hgj9-j2gr.json"
                  },
                  "package": {
                    "ecosystem": "Maven",
                    "name": "org.eclipse.jetty.ee8:jetty-ee8-security",
                    "purl": "pkg:maven/org.eclipse.jetty.ee8/jetty-ee8-security"
                  },
                  "ranges": [
                    {
                      "events": [
                        {
                          "introduced": "12.1.0"
                        },
                        {
                          "fixed": "12.1.10"
                        }
                      ],
                      "type": "ECOSYSTEM"
                    }
                  ],
                  "versions": [
                    "12.1.0",
                    "12.1.1",
                    "12.1.2",
                    "12.1.3",
                    "12.1.4",
                    "12.1.5",
                    "12.1.6",
                    "12.1.7",
                    "12.1.8",
                    "12.1.9"
                  ]
                },
                {
                  "database_specific": {
                    "last_known_affected_version_range": "\u003c= 12.1.9",
                    "source": "https://github.com/github/advisory-database/blob/main/advisories/github-reviewed/2026/07/GHSA-2fvj-hgj9-j2gr/GHSA-2fvj-hgj9-j2gr.json"
                  },
                  "package": {
                    "ecosystem": "Maven",
                    "name": "org.eclipse.jetty.ee9:jetty-ee9-security",
                    "purl": "pkg:maven/org.eclipse.jetty.ee9/jetty-ee9-security"
                  },
                  "ranges": [
                    {
                      "events": [
                        {
                          "introduced": "12.1.0"
                        },
                        {
                          "fixed": "12.1.10"
                        }
                      ],
                      "type": "ECOSYSTEM"
                    }
                  ],
                  "versions": [
                    "12.1.0",
                    "12.1.1",
                    "12.1.2",
                    "12.1.3",
                    "12.1.4",
                    "12.1.5",
                    "12.1.6",
                    "12.1.7",
                    "12.1.8",
                    "12.1.9"
                  ]
                }
              ],
              "aliases": [
                "CVE-2026-10050"
              ],
              "database_specific": {
                "cwe_ids": [
                  "CWE-173",
                  "CWE-303"
                ],
                "github_reviewed": true,
                "github_reviewed_at": "2026-07-22T22:55:18Z",
                "nvd_published_at": null,
                "severity": "HIGH"
              },
              "details": "### Summary\nThe `DigestAuthentication.apply()` method in Jetty's HTTP client uses `getBytes(StandardCharsets.ISO_8859_1)` at three locations (lines 171, 179, 196) to compute Digest auth response hashes. ISO-8859-1 silently replaces any character above U+00FF (Chinese, Japanese, Cyrillic, Arabic, Emoji, etc.) with 0x3F (`?`), causing all such characters to produce identical hash contributions. An attacker who knows a victim's username can bypass Digest authentication by replacing all non-Latin-1 characters in the password with `?` characters, since the collision password produces the same MD5-based Digest response hash as the original password.\n\n### Details\n### Root Cause\n\nIn `jetty-core/jetty-client/src/main/java/org/eclipse/jetty/client/DigestAuthentication.java`, the `apply()` method computes the three Digest auth hashes (H(A1), H(A2), and the final response) using ISO-8859-1 character encoding:\n\n```java\n// Line 171 — H(A1)\nString hashA1 = toHexString(digester.digest(a1.getBytes(StandardCharsets.ISO_8859_1)));\n\n// Line 179 — H(A2)\nString hashA2 = toHexString(digester.digest(a2.getBytes(StandardCharsets.ISO_8859_1)));\n\n// Line 196 — Final response hash\nfinal String hashA3 = toHexString(digester.digest(a3.getBytes(StandardCharsets.ISO_8859_1)));\n```\n\nISO-8859-1 (Latin-1) can only encode characters in the range U+0000–U+00FF. Any character outside this range — including all CJK, Cyrillic, Arabic, Greek, Hangul, and emoji characters — is silently replaced with the byte `0x3F` (`?`). `String.getBytes(ISO_8859_1)` in Java performs this replacement without any warning or exception.\n\n### PoC\n```\nPassword: \"我爱Java!密码123★\" (7 non-Latin-1 characters)\n\nUTF-8 encoding:    45 bytes → MD5 H(A1) = 9a4e61484f228633d5d0f95d1bbb0a99\nISO-8859-1:        31 bytes → MD5 H(A1) = d60ddc903d71913bcc3ab4a94f7fc239\nCollision \"??...\": 31 bytes → MD5 H(A1) = d60ddc903d71913bcc3ab4a94f7fc239 ← IDENTICAL\n```\n\nMulti-language confirmation — all four language passwords below produce the same hash:\n\n```\nChinese (密码123)  → H(A1) = db87f31e8d96cd15f9acec7eabdc4560\nKorean  (비번123)  → H(A1) = db87f31e8d96cd15f9acec7eabdc4560\nCyrillic(аб123)    → H(A1) = db87f31e8d96cd15f9acec7eabdc4560\nGreek   (αβ123)    → H(A1) = db87f31e8d96cd15f9acec7eabdc4560\nAttacker(??123)    → H(A1) = db87f31e8d96cd15f9acec7eabdc4560 ← all collide!\n```\n\n### Impact\n**Scenario 1: Authentication Bypass (Collision Attack)**\n\nIf a service using Jetty for Digest authentication has a user with a non-Latin-1 password (e.g., Chinese, Japanese, Russian), an attacker can authenticate as that user using a collision password where all non-Latin-1 characters are replaced with `?`:\n\n- Original password: [redacted]\n- Collision password: [redacted]\n- **Both produce identical MD5 hashes under ISO-8859-1** → Authentication succeeds\n\nThis affects any password containing characters \u003e U+00FF, which covers:\n- Chinese (CJK): U+4E00–U+9FFF\n- Japanese (Hiragana/Katakana/Kanji): U+3040–U+30FF, U+4E00+\n- Korean (Hangul): U+AC00–U+D7AF\n- Cyrillic: U+0400–U+04FF (Russian, Ukrainian, Bulgarian, etc.)\n- Arabic: U+0600–U+06FF\n- Greek: U+0370–U+03FF\n- Latin Extended: U+0100–U+024F (accented European characters like ĉ, ğ, ñ when \u003e U+00FF)\n- Emoji / Symbols \u003e U+00FF\n\n**Scenario 2: Denial of Service for Non-Latin-1 Users**\n\nMost modern web applications store password hashes computed using UTF-8. When Jetty's Digest client computes a hash with ISO-8859-1, the bytes differ from what the server stored/expects. This means **any user with non-ASCII (Latin-1+) characters in their password can never successfully authenticate via Digest auth** — even the legitimate user. This is not just a security issue but a functional correctness bug that silently breaks authentication for most non-European-language users.",
              "id": "GHSA-2fvj-hgj9-j2gr",
              "modified": "2026-09-10T03:51:10.292148883Z",
              "published": "2026-07-22T22:55:18Z",
              "references": [
                {
                  "type": "WEB",
                  "url": "https://github.com/jetty/jetty.project/security/advisories/GHSA-2fvj-hgj9-j2gr"
                },
                {
                  "type": "WEB",
                  "url": "https://github.com/jetty/jetty.project/issues/15136"
                },
                {
                  "type": "WEB",
                  "url": "https://github.com/jetty/jetty.project/pull/15160"
                },
                {
                  "type": "WEB",
                  "url": "https://github.com/jetty/jetty.project/pull/15183"
                },
                {
                  "type": "WEB",
                  "url": "https://github.com/jetty/jetty.project/commit/4bcdbc7db387ce9e20e2c7571a7250280466221d"
                },
                {
                  "type": "WEB",
                  "url": "https://github.com/jetty/jetty.project/commit/d0bb829ccecbf19e3ad3d32f2649b2800f01222d"
                },
                {
                  "type": "PACKAGE",
                  "url": "https://github.com/jetty/jetty.project"
                },
                {
                  "type": "WEB",
                  "url": "https://github.com/jetty/jetty.project/releases/tag/jetty-12.0.36"
                },
                {
                  "type": "WEB",
                  "url": "https://github.com/jetty/jetty.project/releases/tag/jetty-12.1.10"
                }
              ],
              "schema_version": "1.9.0",
              "severity": [
                {
                  "score": "CVSS:4.0/AV:N/AC:L/AT:N/PR:N/UI:N/VC:H/VI:N/VA:N/SC:N/SI:N/SA:N",
                  "type": "CVSS_V4"
                }
              ],
              "summary": "Eclipse Jetty Digest Authentication: ISO-8859-1 lossy encoding allows authentication bypass via character substitution"
            }
          ]
        },
        {
          "package": {
            "name": "org.eclipse.jetty:jetty-server",
            "version": "12.1.8",
            "ecosystem": "Maven"
          },
          "groups": [
            {
              "ids": [
                "GHSA-7p3p-8qv8-m2vh"
              ],
              "aliases": [
                "CVE-2026-6790",
                "GHSA-7p3p-8qv8-m2vh"
              ],
              "max_severity": "5.3"
            },
            {
              "ids": [
                "GHSA-f4v5-65jj-pcr2"
              ],
              "aliases": [
                "CVE-2026-10051",
                "GHSA-f4v5-65jj-pcr2"
              ],
              "max_severity": "6.9"
            }
          ],
          "vulnerabilities": [
            {
              "affected": [
                {
                  "database_specific": {
                    "source": "https://github.com/github/advisory-database/blob/main/advisories/github-reviewed/2026/07/GHSA-7p3p-8qv8-m2vh/GHSA-7p3p-8qv8-m2vh.json"
                  },
                  "package": {
                    "ecosystem": "Maven",
                    "name": "org.eclipse.jetty:jetty-server",
                    "purl": "pkg:maven/org.eclipse.jetty/jetty-server"
                  },
                  "ranges": [
                    {
                      "events": [
                        {
                          "introduced": "9.4.0.v20161208"
                        },
                        {
                          "last_affected": "9.4.58.v20250814"
                        }
                      ],
                      "type": "ECOSYSTEM"
                    }
                  ],
                  "versions": [
                    "9.4.0.v20161208",
                    "9.4.0.v20180619",
                    "9.4.1.v20170120",
                    "9.4.1.v20180619",
                    "9.4.10.RC0",
                    "9.4.10.RC1",
                    "9.4.10.v20180503",
                    "9.4.11.v20180605",
                    "9.4.12.RC0",
                    "9.4.12.RC1",
                    "9.4.12.RC2",
                    "9.4.12.v20180830",
                    "9.4.13.v20181111",
                    "9.4.14.v20181114",
                    "9.4.15.v20190215",
                    "9.4.16.v20190411",
                    "9.4.17.v20190418",
                    "9.4.18.v20190429",
                    "9.4.19.v20190610",
                    "9.4.2.v20170220",
                    "9.4.2.v20180619",
                    "9.4.20.v20190813",
                    "9.4.21.v20190926",
                    "9.4.22.v20191022",
                    "9.4.23.v20191118",
                    "9.4.24.v20191120",
                    "9.4.25.v20191220",
                    "9.4.26.v20200117",
                    "9.4.27.v20200227",
                    "9.4.28.v20200408",
                    "9.4.29.v20200521",
                    "9.4.3.v20170317",
                    "9.4.3.v20180619",
                    "9.4.30.v20200611",
                    "9.4.31.v20200723",
                    "9.4.32.v20200930",
                    "9.4.33.v20201020",
                    "9.4.34.v20201102",
                    "9.4.35.v20201120",
                    "9.4.36.v20210114",
                    "9.4.37.v20210219",
                    "9.4.38.v20210224",
                    "9.4.39.v20210325",
                    "9.4.4.v20170414",
                    "9.4.4.v20180619",
                    "9.4.40.v20210413",
                    "9.4.41.v20210516",
                    "9.4.42.v20210604",
                    "9.4.43.v20210629",
                    "9.4.44.v20210927",
                    "9.4.45.v20220203",
                    "9.4.46.v20220331",
                    "9.4.47.v20220610",
                    "9.4.48.v20220622",
                    "9.4.49.v20220914",
                    "9.4.5.v20170502",
                    "9.4.5.v20180619",
                    "9.4.50.v20221201",
                    "9.4.51.v20230217",
                    "9.4.52.v20230823",
                    "9.4.53.v20231009",
                    "9.4.54.v20240208",
                    "9.4.55.v20240627",
                    "9.4.56.v20240826",
                    "9.4.57.v20241219",
                    "9.4.58.v20250814",
                    "9.4.6.v20170531",
                    "9.4.6.v20180619",
                    "9.4.7.RC0",
                    "9.4.7.v20170914",
                    "9.4.7.v20180619",
                    "9.4.8.v20171121",
                    "9.4.8.v20180619",
                    "9.4.9.v20180320"
                  ]
                },
                {
                  "database_specific": {
                    "source": "https://github.com/github/advisory-database/blob/main/advisories/github-reviewed/2026/07/GHSA-7p3p-8qv8-m2vh/GHSA-7p3p-8qv8-m2vh.json"
                  },
                  "package": {
                    "ecosystem": "Maven",
                    "name": "org.eclipse.jetty:jetty-server",
                    "purl": "pkg:maven/org.eclipse.jetty/jetty-server"
                  },
                  "ranges": [
                    {
                      "events": [
                        {
                          "introduced": "10.0.0"
                        },
                        {
                          "last_affected": "10.0.26"
                        }
                      ],
                      "type": "ECOSYSTEM"
                    }
                  ],
                  "versions": [
                    "10.0.0",
                    "10.0.1",
                    "10.0.10",
                    "10.0.11",
                    "10.0.12",
                    "10.0.13",
                    "10.0.14",
                    "10.0.15",
                    "10.0.16",
                    "10.0.17",
                    "10.0.18",
                    "10.0.19",
                    "10.0.2",
                    "10.0.20",
                    "10.0.21",
                    "10.0.22",
                    "10.0.23",
                    "10.0.24",
                    "10.0.25",
                    "10.0.26",
                    "10.0.3",
                    "10.0.4",
                    "10.0.5",
                    "10.0.6",
                    "10.0.7",
                    "10.0.8",
                    "10.0.9"
                  ]
                },
                {
                  "database_specific": {
                    "source": "https://github.com/github/advisory-database/blob/main/advisories/github-reviewed/2026/07/GHSA-7p3p-8qv8-m2vh/GHSA-7p3p-8qv8-m2vh.json"
                  },
                  "package": {
                    "ecosystem": "Maven",
                    "name": "org.eclipse.jetty:jetty-server",
                    "purl": "pkg:maven/org.eclipse.jetty/jetty-server"
                  },
                  "ranges": [
                    {
                      "events": [
                        {
                          "introduced": "11.0.0"
                        },
                        {
                          "last_affected": "11.0.26"
                        }
                      ],
                      "type": "ECOSYSTEM"
                    }
                  ],
                  "versions": [
                    "11.0.0",
                    "11.0.1",
                    "11.0.10",
                    "11.0.11",
                    "11.0.12",
                    "11.0.13",
                    "11.0.14",
                    "11.0.15",
                    "11.0.16",
                    "11.0.17",
                    "11.0.18",
                    "11.0.19",
                    "11.0.2",
                    "11.0.20",
                    "11.0.21",
                    "11.0.22",
                    "11.0.23",
                    "11.0.24",
                    "11.0.25",
                    "11.0.26",
                    "11.0.3",
                    "11.0.4",
                    "11.0.5",
                    "11.0.6",
                    "11.0.7",
                    "11.0.8",
                    "11.0.9"
                  ]
                },
                {
                  "database_specific": {
                    "last_known_affected_version_range": "\u003c= 12.0.34",
                    "source": "https://github.com/github/advisory-database/blob/main/advisories/github-reviewed/2026/07/GHSA-7p3p-8qv8-m2vh/GHSA-7p3p-8qv8-m2vh.json"
                  },
                  "package": {
                    "ecosystem": "Maven",
                    "name": "org.eclipse.jetty:jetty-server",
                    "purl": "pkg:maven/org.eclipse.jetty/jetty-server"
                  },
                  "ranges": [
                    {
                      "events": [
                        {
                          "introduced": "12.0.0"
                        },
                        {
                          "fixed": "12.0.35"
                        }
                      ],
                      "type": "ECOSYSTEM"
                    }
                  ],
                  "versions": [
                    "12.0.0",
                    "12.0.1",
                    "12.0.10",
                    "12.0.11",
                    "12.0.12",
                    "12.0.13",
                    "12.0.14",
                    "12.0.15",
                    "12.0.16",
                    "12.0.17",
                    "12.0.18",
                    "12.0.19",
                    "12.0.2",
                    "12.0.20",
                    "12.0.21",
                    "12.0.22",
                    "12.0.23",
                    "12.0.24",
                    "12.0.25",
                    "12.0.26",
                    "12.0.27",
                    "12.0.28",
                    "12.0.29",
                    "12.0.3",
                    "12.0.30",
                    "12.0.31",
                    "12.0.32",
                    "12.0.33",
                    "12.0.34",
                    "12.0.4",
                    "12.0.5",
                    "12.0.6",
                    "12.0.7",
                    "12.0.8",
                    "12.0.9"
                  ]
                },
                {
                  "database_specific": {
                    "last_known_affected_version_range": "\u003c= 12.1.8",
                    "source": "https://github.com/github/advisory-database/blob/main/advisories/github-reviewed/2026/07/GHSA-7p3p-8qv8-m2vh/GHSA-7p3p-8qv8-m2vh.json"
                  },
                  "package": {
                    "ecosystem": "Maven",
                    "name": "org.eclipse.jetty:jetty-server",
                    "purl": "pkg:maven/org.eclipse.jetty/jetty-server"
                  },
                  "ranges": [
                    {
                      "events": [
                        {
                          "introduced": "12.1.0"
                        },
                        {
                          "fixed": "12.1.9"
                        }
                      ],
                      "type": "ECOSYSTEM"
                    }
                  ],
                  "versions": [
                    "12.1.0",
                    "12.1.1",
                    "12.1.2",
                    "12.1.3",
                    "12.1.4",
                    "12.1.5",
                    "12.1.6",
                    "12.1.7",
                    "12.1.8"
                  ]
                }
              ],
              "aliases": [
                "CVE-2026-6790"
              ],
              "database_specific": {
                "cwe_ids": [
                  "CWE-20"
                ],
                "github_reviewed": true,
                "github_reviewed_at": "2026-07-22T22:56:43Z",
                "nvd_published_at": "2026-07-14T09:16:41Z",
                "severity": "MODERATE"
              },
              "details": "#### Summary\n\nJetty currently accepts HTTP/2 and HTTP/3 requests where the regular\nHost header and the pseudo-header :authority\ndo not match. As a result, the same request can carry two different host identities\nthrough Jetty:\n\n- logic based on `HttpURI` / `Request.getServerName(request)` uses `:authority`\n- logic based on raw request headers continues to use `Host`\n\nThis creates a host/authority confusion condition that can break\nsecurity assumptions in higher layers.\n\nJetty already performs an explicit authority/Host consistency check on\nthe HTTP/1.1 path, but equivalent validation is missing on the HTTP/2\nand HTTP/3 paths.\n\n#### Security Impact\n\nThis issue is not inherently remote code execution, but it can become\nsecurity-relevant in deployments that rely on the request host for\nsecurity-sensitive decisions, including:\n\n- host-based access control\n- virtual host isolation\n- multi-tenant routing by hostname\n- login/logout/callback URL construction\n- reverse proxy and forwarded-header trust chains\n- auditing, cache keys, and absolute URL generation\n\nPotential consequences include:\n\n- bypass of host-based ACLs\n- virtual host or tenant isolation failures\n- incorrect or attacker-influenced redirect/callback targets\n- inconsistent proxy/downstream interpretation of the original target host\n- misleading logs and audit records\n\n#### Technical Root Cause\n\n1. On the HTTP/2 and HTTP/3 metadata builder paths:\n\n- `:authority` is parsed separately into authority/URI state\n- `Host` is preserved as a normal request header\n- the two values are not compared for consistency\n\n2. On the HTTP/2 and HTTP/3 server entry paths:\n\n- Jetty calls `ComplianceUtils.verify(httpCompliance, requestMetaData, listener)`\n- this verification does not enforce `MISMATCHED_AUTHORITY`\n\n3. On the HTTP/1.1 path:\n\n- Jetty explicitly checks whether authority and `Host` match\n- mismatches are rejected by default\n\n#### Relevant Code Locations\n\nHTTP/2 metadata builder:\n\n- `jetty-core/jetty-http2/jetty-http2-hpack/src/main/java/org/eclipse/jetty/http2/hpack/internal/MetaDataBuilder.java`\n\nHTTP/3 metadata builder:\n\n- `jetty-core/jetty-http3/jetty-http3-qpack/src/main/java/org/eclipse/jetty/http3/qpack/internal/metadata/MetaDataBuilder.java`\n\nHTTP/2 server entry:\n\n- `jetty-core/jetty-http2/jetty-http2-server/src/main/java/org/eclipse/jetty/http2/server/internal/HttpStreamOverHTTP2.java`\n\nHTTP/3 server entry:\n\n- `jetty-core/jetty-http3/jetty-http3-server/src/main/java/org/eclipse/jetty/http3/server/internal/HttpStreamOverHTTP3.java`\n\nShared HTTP compliance verification:\n\n- `jetty-core/jetty-http/src/main/java/org/eclipse/jetty/http/ComplianceUtils.java`\n\nHTTP/1.1 authority/Host consistency check:\n\n- `jetty-core/jetty-server/src/main/java/org/eclipse/jetty/server/internal/HttpConnection.java`\n\nDefined but not enforced on H2/H3:\n\n- `jetty-core/jetty-http/src/main/java/org/eclipse/jetty/http/HttpCompliance.java`\n- violation: MISMATCHED_AUTHORITY\n\n#### Reproduction\n\nI reproduced this on local Jetty 12.1.9-SNAPSHOT source.\n\nMinimal reproduction steps:\n\n1. Start a Jetty HTTP/2 or HTTP/3 test server.\n2. Send a request with:\n    - :authority = localhost:\u003cport\u003e\n    - Host = evil.example:\u003cport\u003e\n3. In the request handler, inspect both:\n    - Request.getServerName(request)\n    - request.getHeaders().get(HttpHeader.HOST)\n4. Observe whether Jetty rejects the request or allows both values to remain visible.\nObserved result:\n    - HTTP/2: request is accepted and returns 200\n    - HTTP/3: request is accepted and returns 200\n    - the server can observe both:\n        - serverName=localhost\n        - hostHeader=evil.example:\u003cport\u003e\n\nThis shows that a single attacker-controlled request can preserve two conflicting host interpretations inside Jetty.\n\n#### Tests Used\n\n\nHTTP/2 rejection test:\n\n- `org.eclipse.jetty.http2.tests.HTTP2Test#testRejectMismatchedHostHeaderAndAuthority`\n\nHTTP/2 exploitability test:\n\n- `org.eclipse.jetty.http2.tests.HTTP2Test#testMismatchedHostHeaderAndAuthoritySplitsAuthorityFromHostHeader`\n\nHTTP/3 rejection test:\n\n- `org.eclipse.jetty.http3.tests.HandlerClientServerTest#testRejectMismatchedHostHeaderAndAuthority`\n\nHTTP/3 exploitability test:\n\n- `org.eclipse.jetty.http3.tests.HandlerClientServerTest#testMismatchedHostHeaderAndAuthoritySplitsAuthorityFromHostHeader`\n\n\nObserved behavior:\n\n- both rejection tests fail because Jetty returns 200 instead of 400\n- both exploitability tests pass, confirming that Jetty exposes different host values to different layers\n\n#### Project-Internal Evidence of Real Impact\n\nExamples:\n\n- `jetty-openid` uses `Request.getServerName(request)` to construct redirect URLs\n- `jetty-ee11-proxy` uses the raw `Host` header when building `Forwarded`\n\nThis indicates that the issue is not merely theoretical: Jetty’s own\necosystem already contains code paths where different host sources are\nused for different purposes.\n\n#### Affected Version\n\nConfirmed affected version:\n\n- 12.1.9-SNAPSHOT\n\nOther versions may also be affected if they share the same HTTP/2 /\nHTTP/3 request construction and compliance-validation logic. I have\nnot yet completed a historical version matrix and would recommend\nconfirming exact affected ranges from Jetty’s branch history.\n\n\n#### Suggested Fix\n\nRecommend adding HTTP/2 and HTTP/3 validation equivalent to the\nexisting HTTP/1.1 authority/Host consistency check:\n\n- if both :authority and regular Host are present\n    - normalize and compare them\n    - if they do not match, reject the request with 400 Bad Request\n    - route the failure through the existing MISMATCHED_AUTHORITY compliance mechanism\n\nAlso adding explicit HTTP/2 and HTTP/3 regression coverage for this case.\n\n#### Disclosure Status\n\n- not publicly disclosed\n- no public issue filed\n- shared only privately with the Jetty security contacts",
              "id": "GHSA-7p3p-8qv8-m2vh",
              "modified": "2026-09-10T03:51:11.096731360Z",
              "published": "2026-07-22T22:56:43Z",
              "references": [
                {
                  "type": "WEB",
                  "url": "https://github.com/jetty/jetty.project/security/advisories/GHSA-7p3p-8qv8-m2vh"
                },
                {
                  "type": "ADVISORY",
                  "url": "https://nvd.nist.gov/vuln/detail/CVE-2026-6790"
                },
                {
                  "type": "WEB",
                  "url": "https://github.com/jetty/jetty.project/issues/14870"
                },
                {
                  "type": "WEB",
                  "url": "https://github.com/jetty/jetty.project/pull/14871"
                },
                {
                  "type": "WEB",
                  "url": "https://github.com/jetty/jetty.project/pull/14897"
                },
                {
                  "type": "WEB",
                  "url": "https://github.com/jetty/jetty.project/pull/14970"
                },
                {
                  "type": "WEB",
                  "url": "https://github.com/jetty/jetty.project/commit/3e5a4daec196859b8886b6f67b1157dab47cdb6f"
                },
                {
                  "type": "WEB",
                  "url": "https://github.com/jetty/jetty.project/commit/67ba9e6b39661810123680d9c894e99a7940c73d"
                },
                {
                  "type": "WEB",
                  "url": "https://github.com/jetty/jetty.project/commit/cbca3076f7c914a232e7a8b22fa95fbf7e67a6cc"
                },
                {
                  "type": "PACKAGE",
                  "url": "https://github.com/jetty/jetty.project"
                },
                {
                  "type": "WEB",
                  "url": "https://github.com/jetty/jetty.project/releases/tag/jetty-12.0.35"
                },
                {
                  "type": "WEB",
                  "url": "https://github.com/jetty/jetty.project/releases/tag/jetty-12.1.9"
                },
                {
                  "type": "WEB",
                  "url": "https://gitlab.eclipse.org/security/cve-assignment/-/work_items/99"
                }
              ],
              "schema_version": "1.9.0",
              "severity": [
                {
                  "score": "CVSS:3.1/AV:N/AC:L/PR:N/UI:N/S:U/C:N/I:L/A:N",
                  "type": "CVSS_V3"
                }
              ],
              "summary": "Eclipse Jetty: HTTP Authority/Host mismatch"
            },
            {
              "affected": [
                {
                  "database_specific": {
                    "last_known_affected_version_range": "\u003c= 12.0.35",
                    "source": "https://github.com/github/advisory-database/blob/main/advisories/github-reviewed/2026/07/GHSA-f4v5-65jj-pcr2/GHSA-f4v5-65jj-pcr2.json"
                  },
                  "package": {
                    "ecosystem": "Maven",
                    "name": "org.eclipse.jetty:jetty-server",
                    "purl": "pkg:maven/org.eclipse.jetty/jetty-server"
                  },
                  "ranges": [
                    {
                      "events": [
                        {
                          "introduced": "12.0.0"
                        },
                        {
                          "fixed": "12.0.36"
                        }
                      ],
                      "type": "ECOSYSTEM"
                    }
                  ],
                  "versions": [
                    "12.0.0",
                    "12.0.1",
                    "12.0.10",
                    "12.0.11",
                    "12.0.12",
                    "12.0.13",
                    "12.0.14",
                    "12.0.15",
                    "12.0.16",
                    "12.0.17",
                    "12.0.18",
                    "12.0.19",
                    "12.0.2",
                    "12.0.20",
                    "12.0.21",
                    "12.0.22",
                    "12.0.23",
                    "12.0.24",
                    "12.0.25",
                    "12.0.26",
                    "12.0.27",
                    "12.0.28",
                    "12.0.29",
                    "12.0.3",
                    "12.0.30",
                    "12.0.31",
                    "12.0.32",
                    "12.0.33",
                    "12.0.34",
                    "12.0.35",
                    "12.0.4",
                    "12.0.5",
                    "12.0.6",
                    "12.0.7",
                    "12.0.8",
                    "12.0.9"
                  ]
                },
                {
                  "database_specific": {
                    "last_known_affected_version_range": "\u003c= 12.1.9",
                    "source": "https://github.com/github/advisory-database/blob/main/advisories/github-reviewed/2026/07/GHSA-f4v5-65jj-pcr2/GHSA-f4v5-65jj-pcr2.json"
                  },
                  "package": {
                    "ecosystem": "Maven",
                    "name": "org.eclipse.jetty:jetty-server",
                    "purl": "pkg:maven/org.eclipse.jetty/jetty-server"
                  },
                  "ranges": [
                    {
                      "events": [
                        {
                          "introduced": "12.1.0"
                        },
                        {
                          "fixed": "12.1.10"
                        }
                      ],
                      "type": "ECOSYSTEM"
                    }
                  ],
                  "versions": [
                    "12.1.0",
                    "12.1.1",
                    "12.1.2",
                    "12.1.3",
                    "12.1.4",
                    "12.1.5",
                    "12.1.6",
                    "12.1.7",
                    "12.1.8",
                    "12.1.9"
                  ]
                }
              ],
              "aliases": [
                "CVE-2026-10051"
              ],
              "database_specific": {
                "cwe_ids": [
                  "CWE-200"
                ],
                "github_reviewed": true,
                "github_reviewed_at": "2026-07-22T22:56:05Z",
                "nvd_published_at": "2026-07-14T09:16:39Z",
                "severity": "MODERATE"
              },
              "details": "### Description\n\n\u003e FINDING — MEDIUM (HTTP/1.1 keep-alive connections with trailers)\n\u003e HttpConnection._trailers Cross-Request Leakage (Never Reset Between Requests)\n\u003e \n\u003e Location:\n\u003e   jetty-core/jetty-server/src/main/java/org/eclipse/jetty/server/internal/\n\u003e   HttpConnection.java:107, 1157-1161, 1170\n\u003e \n\u003e Detail:\n\u003e   _trailers (line 107) is a connection-scoped HttpFields.Mutable field.\n\u003e   parsedTrailer() (line 1157) populates it when request N carries HTTP trailers.\n\u003e   messageComplete() (line 1170) checks \"if (_trailers != null)\" — evaluates true\n\u003e   from request N's data — and stamps it onto request N+1.\n\u003e \n\u003e   Grep confirms: ZERO occurrences of \"_trailers = null\" in entire HttpConnection.java.\n\u003e \n\u003e   Scenario:\n\u003e     Request N:   POST /upload (trailers: X-Checksum: abc123)\n\u003e     Request N+1: GET  /data   (no trailers)\n\u003e     app: request.getTrailers() on N+1 → returns {X-Checksum: abc123} ← STALE\n\u003e \n\u003e   Application logic branching on getTrailers() != null produces incorrect behavior.\n\u003e   Not cross-connection (same keep-alive connection only).\n\u003e \n\u003e   More dangerous scenario: TOCTOU — trailer passes check, target swapped before use.\n\n### Workarounds\nDo not rely on HTTP request trailers for security-sensitive logic, or disable persistent connections by closing the connection after each HTTP/1.1 request.",
              "id": "GHSA-f4v5-65jj-pcr2",
              "modified": "2026-09-10T03:50:51.882727145Z",
              "published": "2026-07-22T22:56:05Z",
              "references": [
                {
                  "type": "WEB",
                  "url": "https://github.com/jetty/jetty.project/security/advisories/GHSA-f4v5-65jj-pcr2"
                },
                {
                  "type": "ADVISORY",
                  "url": "https://nvd.nist.gov/vuln/detail/CVE-2026-10051"
                },
                {
                  "type": "WEB",
                  "url": "https://github.com/jetty/jetty.project/pull/15162"
                },
                {
                  "type": "WEB",
                  "url": "https://github.com/jetty/jetty.project/pull/15163"
                },
                {
                  "type": "WEB",
                  "url": "https://github.com/jetty/jetty.project/commit/72206b3ea623cf7ed8729b47a83ee628ff10e8eb"
                },
                {
                  "type": "WEB",
                  "url": "https://github.com/jetty/jetty.project/commit/dc27e8d3ab743fe27935ea2d8c41756eb6c5bae9"
                },
                {
                  "type": "PACKAGE",
                  "url": "https://github.com/jetty/jetty.project"
                },
                {
                  "type": "WEB",
                  "url": "https://github.com/jetty/jetty.project/releases/tag/jetty-12.0.36"
                },
                {
                  "type": "WEB",
                  "url": "https://github.com/jetty/jetty.project/releases/tag/jetty-12.1.10"
                },
                {
                  "type": "WEB",
                  "url": "https://gitlab.eclipse.org/security/cve-assignment/-/work_items/119"
                }
              ],
              "schema_version": "1.9.0",
              "severity": [
                {
                  "score": "CVSS:4.0/AV:N/AC:L/AT:N/PR:N/UI:N/VC:L/VI:N/VA:N/SC:N/SI:N/SA:N",
                  "type": "CVSS_V4"
                }
              ],
              "summary": "Eclipse Jetty: Cross-Request Leakage for trailers on HTTP/1.1 keep-alive connections"
            }
          ]
        },
        {
          "package": {
            "name": "org.eclipse.jetty:jetty-util",
            "version": "12.1.8",
            "ecosystem": "Maven"
          },
          "groups": [
            {
              "ids": [
                "GHSA-w7x5-g22v-xqhr"
              ],
              "aliases": [
                "CVE-2026-8384",
                "GHSA-w7x5-g22v-xqhr"
              ],
              "max_severity": "5.3"
            }
          ],
          "vulnerabilities": [
            {
              "affected": [
                {
                  "database_specific": {
                    "last_known_affected_version_range": "\u003c= 12.0.34",
                    "source": "https://github.com/github/advisory-database/blob/main/advisories/github-reviewed/2026/07/GHSA-w7x5-g22v-xqhr/GHSA-w7x5-g22v-xqhr.json"
                  },
                  "package": {
                    "ecosystem": "Maven",
                    "name": "org.eclipse.jetty:jetty-util",
                    "purl": "pkg:maven/org.eclipse.jetty/jetty-util"
                  },
                  "ranges": [
                    {
                      "events": [
                        {
                          "introduced": "12.0.0"
                        },
                        {
                          "fixed": "12.0.35"
                        }
                      ],
                      "type": "ECOSYSTEM"
                    }
                  ],
                  "versions": [
                    "12.0.0",
                    "12.0.1",
                    "12.0.10",
                    "12.0.11",
                    "12.0.12",
                    "12.0.13",
                    "12.0.14",
                    "12.0.15",
                    "12.0.16",
                    "12.0.17",
                    "12.0.18",
                    "12.0.19",
                    "12.0.2",
                    "12.0.20",
                    "12.0.21",
                    "12.0.22",
                    "12.0.23",
                    "12.0.24",
                    "12.0.25",
                    "12.0.26",
                    "12.0.27",
                    "12.0.28",
                    "12.0.29",
                    "12.0.3",
                    "12.0.30",
                    "12.0.31",
                    "12.0.32",
                    "12.0.33",
                    "12.0.34",
                    "12.0.4",
                    "12.0.5",
                    "12.0.6",
                    "12.0.7",
                    "12.0.8",
                    "12.0.9"
                  ]
                },
                {
                  "database_specific": {
                    "last_known_affected_version_range": "\u003c= 12.1.8",
                    "source": "https://github.com/github/advisory-database/blob/main/advisories/github-reviewed/2026/07/GHSA-w7x5-g22v-xqhr/GHSA-w7x5-g22v-xqhr.json"
                  },
                  "package": {
                    "ecosystem": "Maven",
                    "name": "org.eclipse.jetty:jetty-util",
                    "purl": "pkg:maven/org.eclipse.jetty/jetty-util"
                  },
                  "ranges": [
                    {
                      "events": [
                        {
                          "introduced": "12.1.0"
                        },
                        {
                          "fixed": "12.1.9"
                        }
                      ],
                      "type": "ECOSYSTEM"
                    }
                  ],
                  "versions": [
                    "12.1.0",
                    "12.1.1",
                    "12.1.2",
                    "12.1.3",
                    "12.1.4",
                    "12.1.5",
                    "12.1.6",
                    "12.1.7",
                    "12.1.8"
                  ]
                }
              ],
              "aliases": [
                "CVE-2026-8384"
              ],
              "database_specific": {
                "cwe_ids": [
                  "CWE-647"
                ],
                "github_reviewed": true,
                "github_reviewed_at": "2026-07-22T22:57:36Z",
                "nvd_published_at": "2026-07-14T09:16:42Z",
                "severity": "MODERATE"
              },
              "details": "### Description (as reported)\n\n#### Summary\n\nIn Jetty 12.1.8, org.eclipse.jetty.util.URIUtil.canonicalPath() may leave dot-dot path segments unnormalized when a semicolon path parameter marker is followed by a slash and a dot\n  segment.\n\nA minimal example is:\n\n`/public;/../admin/secret`\n\nIn my local reproduction, URIUtil.canonicalPath() returns:\n\n`/public/../admin/secret`\n\ninstead of the expected normalized path:\n\n`/admin/secret`\n\nWhen Jetty's `SecurityHandler.PathMapped` is used to protect a path prefix such as `/admin/*`, the non-normalized canonical path may not match the protected prefix. As a result, an unauthenticated request may bypass the configured path-based security constraint.\n\n\n\n#### Tested Version\n\nJetty: 12.1.8\nJDK: 17.0.18\nMaven: 3.9.14\n\nMaven artifacts used:\n\n  org.eclipse.jetty:jetty-server:12.1.8\n  org.eclipse.jetty:jetty-security:12.1.8\n  org.eclipse.jetty:jetty-session:12.1.8\n\nOnly confirmed Jetty 12.1.8 so far. \n\n\n#### Minimal Reproduction\n\nStarts a minimal Jetty server with the following security setup:\n\n```java\nSecurityHandler.PathMapped security = new SecurityHandler.PathMapped();\nsecurity.put(\"/admin/*\", Constraint.from(\"admin\"));\nsecurity.put(\"/*\", Constraint.ALLOWED);\nsecurity.setAuthenticator(new BasicAuthenticator());\n```\n\nThe test then sends requests with no `Authorization` header.\n\nObserved result:\n\n```\nGET /admin/secret                  -\u003e 401\nGET /public;x/../admin/secret      -\u003e 200\n```\n\nThe handler receives paths such as:\n\n`/public/../admin/secret`\n\nThis suggests that the `/admin/*` security constraint is bypassed because `PathMapped` matching is performed against the non-normalized canonical path.\n\n\n#### Suspected Root Cause\n\nThe suspected root cause is in `URIUtil.canonicalPath()`.\n\nThe relevant logic is approximately:\n\n```java\n    for (int i = 0; i \u003c end; i++)\n    {\n        char c = encodedPath.charAt(i);\n\n        switch (c)\n        {\n            case ';':\n                if (builder == null)\n                {\n                    builder = new Utf8StringBuilder(encodedPath.length());\n                    builder.append(encodedPath, 0, i);\n                }\n\n                while (++i \u003c end)\n                {\n                    if (encodedPath.charAt(i) == '/')\n                    {\n                        builder.append('/');\n                        break;\n                    }\n                }\n                break;\n\n            case '.':\n                if (slash)\n                    normal = false;\n                if (builder != null)\n                    builder.append(c);\n                break;\n        }\n\n        slash = c == '/';\n    }\n\n    String canonical = (builder != null)\n        ? (onBadUtf8 == null ? builder.toCompleteString() : builder.takeCompleteString(onBadUtf8))\n        : encodedPath;\n    return normal ? canonical : normalizePath(canonical);\n```\n\nFor the input:\n\n`/public;/../admin/secret`\n\nwhen the outer loop reaches the semicolon:\n\n```\n    i      = 7\n    c      = ';'\n    slash  = false\n    normal = true\n```\n\nInside `case ';'`, the `while (++i \u003c end)` loop advances i to the next character, which is already '/' for the empty path parameter form \";/\".\n\nThe code then appends '/' to the canonical builder:\n\n`builder.append('/');`\n\nAt this point, the canonical builder ends with '/':\n\n`/public/`\n\nHowever, the local variable `c` is still the old value ';', because `c` was read before entering the switch and is not updated when the inner loop advances `i`.\n\nAfter leaving the switch, the loop updates the slash state using:\n\n`slash = c == '/';`\n\nSince `c` is still ';', slash becomes `false`.\n\nOn the next iteration, the scanner reaches '.', which is the first dot in the following \"../\" segment. Because slash is incorrectly `false`, this code does not run:\n\n```java\n    if (slash)\n        normal = false;\n```\n\nTherefore `normal` remains `true`, and `canonicalPath()` returns the canonical string directly instead of calling `normalizePath(canonical)`.\n\nThe result is:\n\n`/public/../admin/secret`\n\ninstead of:\n\n`/admin/secret`\n\nIn short:\n\n`case ';'` advances the scan position i and appends '/' to the canonical builder, but the loop tail still updates slash from the stale character `c=';'`. As a result, the following dot-dot segment is not detected as a path traversal segment.\n\n####  More Precise Trigger Condition\n\nThe issue is not limited to a non-empty path parameter such as \";x\".\n\nThe more precise trigger shape is:\n\n`;[^/]*/.`\n\nExamples:\n\n```\n    /public;/../admin/secret\n    /public;x/../admin/secret\n    /public;anything/../admin/secret\n    /public;/./admin/secret\n```\n\nThe minimal form is:\n\n`/public;/../admin/secret`\n\nbecause the semicolon is immediately followed by '/', so the inner while loop reaches '/' on its first increment.\n\n####  Potential Minimal Fix Direction\n\nA minimal fix would be to ensure that, when case ';' consumes input until '/' and appends '/' to the canonical builder, the slash state reflects the last effective character in the canonical path.\n\nFor example, conceptually:\n\n```java\n    case ';':\n        if (builder == null)\n        {\n            builder = new Utf8StringBuilder(encodedPath.length());\n            builder.append(encodedPath, 0, i);\n        }\n\n        while (++i \u003c end)\n        {\n            if (encodedPath.charAt(i) == '/')\n            {\n                builder.append('/');\n                slash = true;\n                break;\n            }\n        }\n        continue;\n```\n\nThe important part is to avoid the loop tail from overwriting slash using the stale `c` value:\n\n`slash = c == '/';`\n\nIn other words, `slash` should represent the last effective character appended to the canonical builder, not the original input character read before case ';' advanced `i`.",
              "id": "GHSA-w7x5-g22v-xqhr",
              "modified": "2026-09-10T03:51:12.485862890Z",
              "published": "2026-07-22T22:57:36Z",
              "references": [
                {
                  "type": "WEB",
                  "url": "https://github.com/jetty/jetty.project/security/advisories/GHSA-w7x5-g22v-xqhr"
                },
                {
                  "type": "ADVISORY",
                  "url": "https://nvd.nist.gov/vuln/detail/CVE-2026-8384"
                },
                {
                  "type": "WEB",
                  "url": "https://github.com/jetty/jetty.project/pull/14969"
                },
                {
                  "type": "WEB",
                  "url": "https://github.com/jetty/jetty.project/pull/14973"
                },
                {
                  "type": "WEB",
                  "url": "https://github.com/jetty/jetty.project/commit/82969c77f6da46e27008b10b3c14840cd31db084"
                },
                {
                  "type": "WEB",
                  "url": "https://github.com/jetty/jetty.project/commit/ade27ce93a37c33278720250d85c48601230ae3f"
                },
                {
                  "type": "PACKAGE",
                  "url": "https://github.com/jetty/jetty.project"
                },
                {
                  "type": "WEB",
                  "url": "https://github.com/jetty/jetty.project/releases/tag/jetty-12.0.35"
                },
                {
                  "type": "WEB",
                  "url": "https://github.com/jetty/jetty.project/releases/tag/jetty-12.1.9"
                },
                {
                  "type": "WEB",
                  "url": "https://gitlab.eclipse.org/security/cve-assignment/-/work_items/108"
                }
              ],
              "schema_version": "1.9.0",
              "severity": [
                {
                  "score": "CVSS:3.1/AV:N/AC:L/PR:N/UI:N/S:U/C:N/I:L/A:N",
                  "type": "CVSS_V3"
                }
              ],
              "summary": "Eclipse Jetty: Path parameter traversal"
            }
          ]
        }
      ]
    }
  ],
  "experimental_config": {
    "licenses": {
      "summary": false,
      "allowlist": null
    }
  }
}
